COUNTRY_CODE;NUTS_LEVEL;NUTS_CODE;NUTS_LABEL;Residential_Buildings_2012;Buildings_Private_Service_Sector_2012;Public_Buildings_2012;Total_SH_HW;Share_Total_SH_HW;Share_Total_Residential_SH_HW;Share_Total_Non_res_service_SH_HW;Share_Total_Non_res_public_SH_HW;District_Heat;Biomass;Natural_Gas;Other_Renewables;Electricity;Other_Fossil;District_Heat_Shares_NUTS;Biomass_Shares_NUTS;Natural_Gas_Shares_NUTS;Other_RenewableShares_NUTS;Electricity_Shares_NUTS;Other_Fossil_Shares_NUTS
BE;0;BE;BELGIQUE-BELGIË ;79137;19094;13636;111868;1.000;1.000;1.000;1.000;1098;5897;57175;10073;5837;31762;0.01;0.053;0.511;0.09;0.052;0.284
BE;1;BE1;RÉGION DE BRUXELLES-CAPITALE / BRUSSELS HOOFDSTEDELIJK GEWEST;7515;4088;2592;14195;0.127;0.095;0.214;0.19;66;132;8780;2260;838;2896;0.004;0.009;0.586;0.151;0.056;0.193
BE;2;BE10;Région de Bruxelles-Capitale / Brussels Hoofdstedelijk Gewest;7515;4088;2592;14195;0.127;0.095;0.214;0.19;66;132;8780;2260;838;2896;0.004;0.009;0.586;0.151;0.056;0.193
BE;3;BE100;Arr. de Bruxelles-Capitale / Arr. van Brussel-Hoofdstad;7515;4088;2592;14195;0.127;0.095;0.214;0.19;66;132;8780;2260;838;2896;0.004;0.009;0.586;0.151;0.056;0.193
BE;1;BE2;VLAAMS GEWEST;44689;10329;7331;62350;0.557;0.565;0.541;0.538;773;2300;31802;5324;3357;18962;0.012;0.037;0.509;0.085;0.054;0.303
BE;2;BE21;Prov. Antwerpen;12262;3283;2200;17744;0.159;0.155;0.172;0.161;401;697;9475;1524;965;5016;0.022;0.039;0.524;0.084;0.053;0.277
BE;3;BE211;Arr. Antwerpen;6925;2084;1374;10383;0.093;0.088;0.109;0.101;321;283;5744;913;598;2766;0.03;0.027;0.541;0.086;0.056;0.26
BE;3;BE212;Arr. Mechelen;2279;597;377;3253;0.029;0.029;0.031;0.028;13;102;1658;319;170;1022;0.004;0.031;0.505;0.097;0.052;0.311
BE;3;BE213;Arr. Turnhout;3058;602;449;4108;0.037;0.039;0.032;0.033;68;312;2073;292;197;1228;0.016;0.075;0.497;0.07;0.047;0.295
BE;2;BE22;Prov. Limburg (BE);5720;1110;869;7699;0.069;0.072;0.058;0.064;53;523;3738;615;384;2291;0.007;0.069;0.492;0.081;0.05;0.301
BE;3;BE221;Arr. Hasselt;2780;626;500;3906;0.035;0.035;0.033;0.037;36;225;1951;357;202;1159;0.009;0.057;0.496;0.091;0.051;0.295
BE;3;BE222;Arr. Maaseik;1564;262;206;2032;0.018;0.02;0.014;0.015;4;197;972;144;93;576;0.002;0.099;0.49;0.072;0.047;0.29
BE;3;BE223;Arr. Tongeren;1377;222;162;1760;0.016;0.017;0.012;0.012;13;101;816;114;89;556;0.008;0.06;0.483;0.067;0.053;0.329
BE;2;BE23;Prov. Oost-Vlaanderen;10303;2038;1555;13895;0.124;0.13;0.107;0.114;216;387;6956;1023;751;4464;0.016;0.028;0.504;0.074;0.054;0.324
BE;3;BE231;Arr. Aalst;2025;346;249;2620;0.023;0.026;0.018;0.018;19;69;1250;178;140;873;0.008;0.027;0.494;0.07;0.056;0.345
BE;3;BE232;Arr. Dendermonde;1364;215;162;1741;0.016;0.017;0.011;0.012;15;49;831;112;94;590;0.009;0.029;0.491;0.066;0.056;0.349
BE;3;BE233;Arr. Eeklo;588;92;71;751;0.007;0.007;0.005;0.005;1;24;356;53;40;259;0.002;0.033;0.486;0.072;0.054;0.354
BE;3;BE234;Arr. Gent;3834;911;727;5473;0.049;0.048;0.048;0.053;148;140;2879;435;300;1648;0.027;0.025;0.519;0.078;0.054;0.297
BE;3;BE235;Arr. Oudenaarde;870;142;111;1122;0.01;0.011;0.007;0.008;11;41;541;75;58;387;0.01;0.037;0.486;0.067;0.052;0.348
BE;3;BE236;Arr. Sint-Niklaas;1622;332;234;2188;0.02;0.02;0.017;0.017;22;64;1099;171;119;707;0.01;0.029;0.504;0.078;0.055;0.324
BE;2;BE24;Prov. Vlaams-Brabant;7580;2203;1443;11226;0.1;0.096;0.115;0.106;34;431;5772;1191;553;3354;0.003;0.038;0.509;0.105;0.049;0.296
BE;3;BE241;Arr. Halle-Vilvoorde;4096;1449;790;6335;0.057;0.052;0.076;0.058;20;189;3335;731;304;1891;0.003;0.029;0.515;0.113;0.047;0.292
BE;3;BE242;Arr. Leuven;3484;754;653;4891;0.044;0.044;0.039;0.048;14;242;2437;460;249;1463;0.003;0.05;0.501;0.095;0.051;0.301
BE;2;BE25;Prov. West-Vlaanderen;8825;1696;1265;11786;0.105;0.112;0.089;0.093;69;261;5861;973;703;3837;0.006;0.022;0.501;0.083;0.06;0.328
BE;3;BE251;Arr. Brugge;2106;438;362;2907;0.026;0.027;0.023;0.027;23;83;1530;249;171;845;0.008;0.029;0.527;0.086;0.059;0.291
BE;3;BE252;Arr. Diksmuide;344;56;39;439;0.004;0.004;0.003;0.003;2;11;205;29;23;156;0.005;0.026;0.481;0.069;0.053;0.367
BE;3;BE253;Arr. Ieper;749;122;96;968;0.009;0.009;0.006;0.007;4;28;376;91;58;399;0.004;0.029;0.393;0.095;0.061;0.418
BE;3;BE254;Arr. Kortrijk;2050;436;312;2798;0.025;0.026;0.023;0.023;15;52;1385;246;153;964;0.005;0.018;0.492;0.087;0.054;0.342
BE;3;BE255;Arr. Oostende;1326;210;143;1679;0.015;0.017;0.011;0.011;10;26;884;110;121;462;0.006;0.016;0.548;0.068;0.075;0.286
BE;3;BE256;Arr. Roeselare;1034;216;161;1411;0.013;0.013;0.011;0.012;5;25;701;125;76;488;0.003;0.018;0.493;0.088;0.054;0.344
BE;3;BE257;Arr. Tielt;628;117;85;830;0.007;0.008;0.006;0.006;9;25;409;61;43;292;0.011;0.03;0.487;0.073;0.051;0.348
BE;3;BE258;Arr. Veurne;588;100;66;754;0.007;0.007;0.005;0.005;1;11;371;61;58;231;0.002;0.015;0.507;0.083;0.079;0.315
BE;1;BE3;RÉGION WALLONNE;26934;4668;3695;35297;0.316;0.34;0.244;0.271;259;3465;16593;2488;1643;9903;0.008;0.101;0.483;0.072;0.048;0.288
BE;2;BE31;Prov. Brabant Wallon;2605;667;453;3725;0.033;0.033;0.035;0.033;16;155;1893;367;190;1156;0.004;0.041;0.501;0.097;0.05;0.306
BE;3;BE310;Arr. Nivelles;2605;667;453;3725;0.033;0.033;0.035;0.033;16;155;1893;367;190;1156;0.004;0.041;0.501;0.097;0.05;0.306
BE;2;BE32;Prov. Hainaut;10159;1591;1261;13011;0.116;0.128;0.083;0.092;133;701;6066;826;668;4131;0.011;0.056;0.484;0.066;0.053;0.33
BE;3;BE321;Arr. Ath;639;90;69;798;0.007;0.008;0.005;0.005;2;50;363;48;38;257;0.002;0.066;0.48;0.063;0.05;0.339
BE;3;BE322;Arr. Charleroi;3337;555;424;4316;0.039;0.042;0.029;0.031;111;150;2097;234;235;1382;0.026;0.036;0.498;0.056;0.056;0.328
BE;3;BE323;Arr. Mons;2027;322;264;2613;0.023;0.026;0.017;0.019;6;133;1242;181;133;811;0.002;0.053;0.496;0.072;0.053;0.324
BE;3;BE324;Arr. Mouscron;537;88;69;694;0.006;0.007;0.005;0.005;5;17;316;52;40;249;0.008;0.025;0.465;0.077;0.059;0.366
BE;3;BE325;Arr. Soignies;1345;195;158;1698;0.015;0.017;0.01;0.012;3;70;786;109;87;559;0.002;0.044;0.487;0.068;0.054;0.347
BE;3;BE326;Arr. Thuin;1183;144;119;1446;0.013;0.015;0.008;0.009;2;216;577;86;61;404;0.002;0.16;0.429;0.064;0.045;0.3
BE;3;BE327;Arr. Tournai;1091;198;157;1445;0.013;0.014;0.01;0.012;4;64;686;115;75;470;0.003;0.046;0.485;0.082;0.053;0.332
BE;2;BE33;Prov. Liège;8360;1438;1157;10955;0.098;0.106;0.075;0.085;87;955;5251;771;539;3084;0.008;0.089;0.491;0.072;0.05;0.289
BE;3;BE331;Arr. Huy;824;115;100;1038;0.009;0.01;0.006;0.007;3;120;467;66;45;306;0.003;0.119;0.464;0.066;0.045;0.304
BE;3;BE332;Arr. Liège;4734;891;717;6341;0.057;0.06;0.047;0.053;67;282;3168;474;345;1892;0.011;0.045;0.509;0.076;0.055;0.304
BE;3;BE334;Arr. Waremme;540;74;55;669;0.006;0.007;0.004;0.004;1;15;303;40;35;236;0.002;0.024;0.48;0.064;0.056;0.374
BE;3;BE335;Arr. Verviers - communes francophones;1650;256;212;2119;0.019;0.021;0.013;0.016;12;345;988;135;87;487;0.006;0.168;0.481;0.066;0.042;0.237
BE;3;BE336;Bezirk Verviers - Deutschsprachige Gemeinschaft;612;102;74;787;0.007;0.008;0.005;0.005;4;193;325;56;26;163;0.006;0.251;0.424;0.072;0.034;0.212
BE;2;BE34;Prov. Luxembourg (BE);2167;338;277;2783;0.025;0.027;0.018;0.02;12;915;1156;167;59;374;0.004;0.341;0.431;0.062;0.022;0.139
BE;3;BE341;Arr. Arlon;432;75;62;570;0.005;0.005;0.004;0.005;1;76;270;40;23;141;0.002;0.138;0.49;0.073;0.041;0.256
BE;3;BE342;Arr. Bastogne;360;55;46;460;0.004;0.005;0.003;0.003;5;169;196;22;7;44;0.011;0.382;0.442;0.05;0.016;0.099
BE;3;BE343;Arr. Marche-en-Famenne;484;77;66;627;0.006;0.006;0.004;0.005;1;218;249;44;13;86;0.002;0.357;0.408;0.072;0.021;0.14
BE;3;BE344;Arr. Neufchâteau;497;83;64;644;0.006;0.006;0.004;0.005;4;279;245;40;8;50;0.007;0.446;0.391;0.063;0.013;0.08
BE;3;BE345;Arr. Virton;395;49;38;482;0.004;0.005;0.003;0.003;1;173;197;21;8;53;0.002;0.383;0.435;0.046;0.018;0.117
BE;2;BE35;Prov. Namur;3643;635;547;4824;0.043;0.046;0.033;0.04;11;739;2227;357;188;1158;0.002;0.158;0.476;0.076;0.04;0.247
BE;3;BE351;Arr. Dinant;897;125;107;1128;0.01;0.011;0.007;0.008;2;328;460;67;29;186;0.002;0.306;0.43;0.062;0.027;0.173
BE;3;BE352;Arr. Namur;2209;443;382;3034;0.027;0.028;0.023;0.028;8;217;1507;256;143;861;0.003;0.072;0.504;0.085;0.048;0.288
BE;3;BE353;Arr. Philippeville;537;67;58;662;0.006;0.007;0.004;0.004;1;195;260;35;16;111;0.002;0.315;0.42;0.057;0.026;0.18
BE;1;BEZ;EXTRA-REGIO NUTS 1;;;;;;;;;;;;;;;;;;;;
BE;2;BEZZ;Extra-Regio NUTS 2;;;;;;;;;;;;;;;;;;;;
BE;3;BEZZZ;Extra-Regio NUTS 3;;;;;;;;;;;;;;;;;;;;
BG;0;BG;???????? (BULGARIA);21973;3684;1182;26840;1;1;1;1;5271;8769;1659;1499;4911;4729;0.196;0.327;0.062;0.056;0.183;0.176
BG;1;BG3;??????? ? ?????????? ???????? (SEVERNA I YUGOIZTOCHNA BULGARIA);11521;1449;440;13411;0.5;0.524;0.393;0.372;2423;4576;678;726;2557;2167;0.185;0.349;0.052;0.055;0.195;0.165
BG;2;BG31;????????????? (Severozapaden);2832;253;92;3177;0.118;0.129;0.069;0.078;320;1137;133;197;668;594;0.105;0.373;0.044;0.065;0.219;0.195
BG;3;BG311;????? (Vidin);368;28;11;407;0.015;0.017;0.008;0.009;26;196;5;20;75;58;0.068;0.514;0.014;0.054;0.197;0.154
BG;3;BG312;??????? (Montana);505;39;16;560;0.021;0.023;0.01;0.013;36;221;24;34;120;97;0.067;0.416;0.044;0.063;0.225;0.183
BG;3;BG313;????? (Vratsa);619;53;20;691;0.026;0.028;0.014;0.017;73;196;36;51;171;154;0.107;0.287;0.053;0.075;0.251;0.226
BG;3;BG314;?????? (Pleven);814;90;30;934;0.035;0.037;0.024;0.025;148;182;44;72;222;228;0.166;0.203;0.049;0.081;0.248;0.254
BG;3;BG315;????? (Lovech);525;44;16;585;0.022;0.024;0.012;0.013;36;343;25;20;80;56;0.065;0.612;0.044;0.035;0.143;0.1
BG;2;BG32;??????? ????????? (Severen tsentralen);2608;307;98;3013;0.112;0.119;0.083;0.083;484;1022;128;175;597;529;0.165;0.348;0.044;0.06;0.203;0.18
BG;3;BG321;?????? ??????? (Veliko Tarnovo);791;99;31;921;0.034;0.036;0.027;0.026;62;345;38;61;201;186;0.069;0.387;0.042;0.068;0.225;0.208
BG;3;BG322;??????? (Gabrovo);455;41;14;510;0.019;0.021;0.011;0.012;48;212;9;29;125;78;0.096;0.424;0.017;0.059;0.249;0.155
BG;3;BG323;???? (Ruse);705;97;28;830;0.031;0.032;0.026;0.024;315;156;43;42;125;136;0.386;0.191;0.052;0.052;0.152;0.167
BG;3;BG324;??????? (Razgrad);340;36;13;390;0.015;0.015;0.01;0.011;26;154;21;24;83;72;0.068;0.405;0.056;0.063;0.218;0.19
BG;3;BG325;???????? (Silistra);317;34;11;361;0.013;0.014;0.009;0.009;33;155;17;19;64;56;0.096;0.45;0.05;0.054;0.186;0.164
BG;2;BG33;????????????? (Severoiztochen);2795;460;129;3384;0.126;0.127;0.125;0.109;903;956;198;175;593;528;0.269;0.285;0.059;0.052;0.177;0.157
BG;3;BG331;????? (Varna);1340;299;75;1715;0.064;0.061;0.081;0.063;777;356;97;70;209;223;0.448;0.205;0.056;0.041;0.121;0.129
BG;3;BG332;?????? (Dobrich);560;69;20;649;0.024;0.025;0.019;0.017;60;159;43;48;184;137;0.095;0.253;0.069;0.076;0.292;0.216
BG;3;BG333;????? (Shumen);514;57;20;592;0.022;0.023;0.016;0.017;39;257;33;33;114;99;0.068;0.447;0.057;0.057;0.199;0.172
BG;3;BG334;????????? (Targovishte);381;34;13;428;0.016;0.017;0.009;0.011;27;184;26;24;85;69;0.066;0.444;0.062;0.057;0.205;0.167
BG;2;BG34;?????????? (Yugoiztochen);3286;430;122;3838;0.143;0.15;0.117;0.103;716;1460;218;179;700;517;0.189;0.385;0.058;0.047;0.185;0.136
BG;3;BG341;?????? (Burgas);1393;216;52;1661;0.062;0.063;0.059;0.044;152;689;108;86;349;252;0.093;0.421;0.066;0.053;0.213;0.154
BG;3;BG342;?????? (Sliven);522;55;20;597;0.022;0.024;0.015;0.017;51;282;43;24;111;61;0.09;0.493;0.076;0.041;0.193;0.107
BG;3;BG343;????? (Yambol);386;39;12;437;0.016;0.018;0.011;0.01;40;122;24;30;121;84;0.095;0.289;0.057;0.072;0.287;0.2
BG;3;BG344;????? ?????? (Stara Zagora);985;120;38;1143;0.043;0.045;0.033;0.032;472;367;42;39;118;119;0.408;0.317;0.036;0.033;0.102;0.103
BG;1;BG4;?????????? ? ???? ????????? ???????? (YUGOZAPADNA I YUZHNA TSENTRALNA BULGARIA);10452;2235;742;13429;0.5;0.476;0.607;0.628;2848;4193;981;774;2355;2562;0.208;0.306;0.072;0.056;0.172;0.187
BG;2;BG41;?????????? (Yugozapaden);6375;1721;572;8669;0.323;0.29;0.467;0.484;2007;2228;732;561;1605;1903;0.222;0.247;0.081;0.062;0.178;0.211
BG;3;BG411;????? (???????) (Sofia (stolitsa));3561;1486;485;5532;0.206;0.162;0.403;0.41;1617;498;600;456;1181;1611;0.271;0.084;0.101;0.077;0.198;0.27
BG;3;BG412;????? (Sofia);945;81;23;1050;0.039;0.043;0.022;0.019;80;647;43;36;146;104;0.075;0.613;0.04;0.034;0.138;0.099
BG;3;BG413;??????????? (Blagoevgrad);894;87;38;1020;0.038;0.041;0.024;0.032;65;647;48;31;126;88;0.065;0.643;0.048;0.031;0.126;0.087
BG;3;BG414;?????? (Pernik);511;34;13;557;0.021;0.023;0.009;0.011;201;190;16;17;53;51;0.382;0.361;0.03;0.032;0.1;0.096
BG;3;BG415;????????? (Kyustendil);463;33;13;510;0.019;0.021;0.009;0.011;45;247;25;20;99;49;0.092;0.51;0.051;0.042;0.204;0.101
BG;2;BG42;???? ????????? (Yuzhen tsentralen);4077;513;170;4760;0.177;0.186;0.139;0.144;841;1965;250;213;750;659;0.18;0.42;0.053;0.046;0.16;0.141
BG;3;BG421;??????? (Plovdiv);1813;289;88;2191;0.082;0.083;0.078;0.075;600;549;156;119;370;391;0.275;0.251;0.071;0.054;0.17;0.179
BG;3;BG422;??????? (Haskovo);656;81;24;761;0.028;0.03;0.022;0.02;70;312;30;41;167;113;0.095;0.426;0.04;0.055;0.229;0.154
BG;3;BG423;????????? (Pazardzhik);772;73;28;873;0.033;0.035;0.02;0.024;112;500;43;26;97;79;0.131;0.583;0.05;0.03;0.113;0.093
BG;3;BG424;?????? (Smolyan);416;31;15;462;0.017;0.019;0.008;0.013;29;319;9;11;51;30;0.064;0.711;0.019;0.025;0.114;0.066
BG;3;BG425;???????? (Kardzhali);420;39;15;473;0.018;0.019;0.011;0.013;31;285;13;16;64;46;0.067;0.627;0.028;0.036;0.14;0.102
BG;1;BGZ;EXTRA-REGIO NUTS 1;;;;;;;;;;;;;;;;;;;;
BG;2;BGZZ;Extra-Regio NUTS 2;;;;;;;;;;;;;;;;;;;;
BG;3;BGZZZ;Extra-Regio NUTS 3;;;;;;;;;;;;;;;;;;;;
CZ;0;CZ;?ESKÁ REPUBLIKA;60831;16010;7802;84643;1;1;1;1;17439;12167;39216;1267;5772;8782;0.206;0.144;0.463;0.015;0.068;0.104
CZ;1;CZ0;?ESKÁ REPUBLIKA;60831;16010;7802;84643;1;1;1;1;17439;12167;39216;1267;5772;8782;0.206;0.144;0.463;0.015;0.068;0.104
CZ;2;CZ01;Praha;7208;5161;2130;14498;0.171;0.118;0.322;0.273;2765;179;10839;155;640;849;0.179;0.012;0.703;0.01;0.042;0.055
CZ;3;CZ010;Hlavní m?sto Praha;7208;5161;2130;14498;0.171;0.118;0.322;0.273;2765;179;10839;155;640;849;0.179;0.012;0.703;0.01;0.042;0.055
CZ;2;CZ02;St?ední ?echy;7513;1643;696;9852;0.116;0.123;0.103;0.089;2020;1595;4763;87;519;755;0.207;0.164;0.489;0.009;0.053;0.078
CZ;3;CZ020;St?edo?eský kraj;7513;1643;696;9852;0.116;0.123;0.103;0.089;2020;1595;4763;87;519;755;0.207;0.164;0.489;0.009;0.053;0.078
CZ;2;CZ03;Jihozápad;7179;1439;787;9404;0.111;0.118;0.09;0.101;1481;2520;4293;88;349;578;0.159;0.271;0.461;0.009;0.037;0.062
CZ;3;CZ031;Jiho?eský kraj;3758;749;403;4909;0.058;0.062;0.047;0.052;614;1410;2332;47;173;277;0.127;0.291;0.481;0.01;0.036;0.057
CZ;3;CZ032;Plze?ský kraj;3421;690;384;4495;0.053;0.056;0.043;0.049;866;1110;1961;40;175;302;0.194;0.249;0.44;0.009;0.039;0.068
CZ;2;CZ04;Severozápad;6403;1218;664;8285;0.098;0.105;0.076;0.085;3406;987;2444;100;479;706;0.419;0.122;0.301;0.012;0.059;0.087
CZ;3;CZ041;Karlovarský kraj;1759;334;198;2291;0.027;0.029;0.021;0.025;710;390;603;51;187;289;0.318;0.175;0.27;0.023;0.084;0.13
CZ;3;CZ042;Ústecký kraj;4645;883;467;5994;0.071;0.076;0.055;0.06;2695;596;1840;49;292;417;0.458;0.101;0.312;0.008;0.05;0.071
CZ;2;CZ05;Severovýchod;8962;1722;889;11573;0.137;0.147;0.108;0.114;2457;2068;3145;291;1336;2078;0.216;0.182;0.277;0.026;0.117;0.183
CZ;3;CZ051;Liberecký kraj;2571;480;253;3304;0.039;0.042;0.03;0.032;504;642;873;105;430;682;0.156;0.198;0.27;0.032;0.133;0.211
CZ;3;CZ052;Královéhradecký kraj;3316;646;342;4303;0.051;0.055;0.04;0.044;917;720;1096;125;531;854;0.216;0.17;0.258;0.029;0.125;0.201
CZ;3;CZ053;Pardubický kraj;3075;597;295;3966;0.047;0.051;0.037;0.038;1036;706;1176;61;375;542;0.266;0.181;0.302;0.016;0.096;0.139
CZ;2;CZ06;Jihovýchod;9408;2148;1131;12688;0.15;0.155;0.134;0.145;1960;2094;5515;268;1054;1730;0.155;0.166;0.437;0.021;0.083;0.137
CZ;3;CZ063;Kraj Vyso?ina;2972;548;283;3803;0.045;0.049;0.034;0.036;293;950;1856;56;239;371;0.078;0.252;0.493;0.015;0.063;0.099
CZ;3;CZ064;Jihomoravský kraj;6436;1600;848;8884;0.105;0.106;0.1;0.109;1667;1144;3659;211;815;1359;0.188;0.129;0.413;0.024;0.092;0.153
CZ;2;CZ07;St?ední Morava;6884;1326;740;8950;0.106;0.113;0.083;0.095;1389;1754;3235;191;873;1375;0.158;0.199;0.367;0.022;0.099;0.156
CZ;3;CZ071;Olomoucký kraj;3623;702;408;4733;0.056;0.06;0.044;0.052;891;904;1133;141;599;974;0.192;0.195;0.244;0.03;0.129;0.21
CZ;3;CZ072;Zlínský kraj;3261;624;332;4217;0.05;0.054;0.039;0.043;498;850;2101;50;274;401;0.119;0.204;0.503;0.012;0.066;0.096
CZ;2;CZ08;Moravskoslezsko;7275;1352;764;9392;0.111;0.12;0.084;0.098;1963;971;4982;88;522;712;0.212;0.105;0.539;0.01;0.057;0.077
CZ;3;CZ080;Moravskoslezský kraj;7275;1352;764;9392;0.111;0.12;0.084;0.098;1963;971;4982;88;522;712;0.212;0.105;0.539;0.01;0.057;0.077
CZ;1;CZZ;EXTRA-REGIO NUTS 1;;;;;;;;;;;;;;;;;;;;
CZ;2;CZZZ;Extra-Regio NUTS 2;;;;;;;;;;;;;;;;;;;;
CZ;3;CZZZZ;Extra-Regio NUTS 3;;;;;;;;;;;;;;;;;;;;
DK;0;DK;DANMARK;42987;6784;6131;55902;1;1;1;1;27907;8859;10088;2114;2565;4365;0.499;0.158;0.18;0.038;0.046;0.078
DK;1;DK0;DANMARK;42987;6783;6128;55898;1;1;1;1;27907;8859;10088;2114;2565;4365;0.499;0.158;0.18;0.038;0.046;0.078
DK;2;DK01;Hovedstaden;12045;2903;2399;17347;0.31;0.28;0.428;0.391;10011;998;3686;925;809;1477;0.559;0.056;0.206;0.052;0.045;0.082
DK;3;DK011;Byen København;4759;1504;1244;7507;0.134;0.111;0.222;0.203;5242;73;1543;394;211;440;0.663;0.009;0.195;0.05;0.027;0.056
DK;3;DK012;Københavns omegn;3604;928;705;5237;0.094;0.084;0.137;0.115;3249;173;1182;251;228;407;0.592;0.032;0.215;0.046;0.042;0.074
DK;3;DK013;Nordsjælland;3294;433;412;4139;0.074;0.077;0.064;0.067;1369;579;942;257;338;577;0.337;0.142;0.232;0.063;0.083;0.142
DK;3;DK014;Bornholm;388;38;38;464;0.008;0.009;0.006;0.006;150;173;19;23;31;52;0.334;0.386;0.043;0.052;0.069;0.116
DK;2;DK02;Sjælland;6435;688;710;7833;0.14;0.15;0.101;0.116;3290;1616;1346;270;405;666;0.433;0.213;0.177;0.036;0.053;0.088
DK;3;DK021;Østsjælland;1708;208;216;2132;0.038;0.04;0.031;0.035;511;283;601;146;197;333;0.247;0.137;0.29;0.071;0.095;0.161
DK;3;DK022;Vest- og Sydsjælland;4727;479;494;5701;0.102;0.11;0.071;0.081;2779;1332;744;124;207;333;0.503;0.241;0.135;0.023;0.038;0.06
DK;2;DK03;Syddanmark;9779;1251;1158;12187;0.218;0.227;0.184;0.189;6156;2036;2331;287;476;767;0.511;0.169;0.193;0.024;0.039;0.064
DK;3;DK031;Fyn;3952;473;465;4890;0.087;0.092;0.07;0.076;2371;722;950;138;232;373;0.496;0.151;0.198;0.029;0.048;0.078
DK;3;DK032;Sydjylland;5826;778;693;7297;0.131;0.136;0.115;0.113;3784;1314;1381;148;244;394;0.521;0.181;0.19;0.02;0.034;0.054
DK;2;DK04;Midtjylland;9891;1347;1295;12533;0.224;0.23;0.199;0.211;5499;2847;1964;476;617;1039;0.442;0.229;0.158;0.038;0.05;0.083
DK;3;DK041;Vestjylland;3523;423;413;4359;0.078;0.082;0.062;0.067;1387;1171;571;274;345;583;0.32;0.27;0.132;0.063;0.08;0.135
DK;3;DK042;Østjylland;6369;924;882;8174;0.146;0.148;0.136;0.144;4111;1676;1393;203;272;455;0.507;0.207;0.172;0.025;0.034;0.056
DK;2;DK05;Nordjylland;4837;596;566;5998;0.107;0.113;0.088;0.092;2952;1363;761;155;259;416;0.5;0.231;0.129;0.026;0.044;0.071
DK;3;DK050;Nordjylland;4837;596;566;5998;0.107;0.113;0.088;0.092;2952;1363;761;155;259;416;0.5;0.231;0.129;0.026;0.044;0.071
DK;1;DKZ;EXTRA-REGIO NUTS 1;;;;;;;;;;;;;;;;;;;;
DK;2;DKZZ;Extra-Regio NUTS 2;;;;;;;;;;;;;;;;;;;;
DK;3;DKZZZ;Extra-Regio NUTS 3;;;;;;;;;;;;;;;;;;;;
DE;0;DE;DEUTSCHLAND ;558322;162033;73344;793699;1;1;1;1;76074;64750;368398;95307;24159;165011;0.096;0.082;0.464;0.12;0.03;0.208
DE;1;DE1;BADEN-WÜRTTEMBERG;71672;20904;9465;102041;0.129;0.128;0.129;0.129;9164;8836;46372;12750;3347;22828;0.089;0.086;0.449;0.123;0.032;0.221
DE;2;DE11;Stuttgart;26185;8037;3638;37860;0.048;0.047;0.05;0.05;4005;2569;17313;4982;1260;8632;0.103;0.066;0.447;0.129;0.033;0.223
DE;3;DE111;Stuttgart, Stadtkreis;3670;1805;817;6291;0.008;0.007;0.011;0.011;901;100;3194;1191;156;1264;0.132;0.015;0.469;0.175;0.023;0.186
DE;3;DE112;Böblingen;2443;736;335;3514;0.004;0.004;0.005;0.005;153;200;1799;500;127;891;0.042;0.054;0.49;0.136;0.035;0.243
DE;3;DE113;Esslingen;3380;954;432;4766;0.006;0.006;0.006;0.006;1105;214;2353;347;112;684;0.23;0.044;0.489;0.072;0.023;0.142
DE;3;DE114;Göppingen;1746;444;201;2391;0.003;0.003;0.003;0.003;109;183;1242;253;77;506;0.046;0.077;0.524;0.107;0.033;0.213
DE;3;DE115;Ludwigsburg;3301;954;432;4687;0.006;0.006;0.006;0.006;322;177;1621;830;224;1574;0.068;0.037;0.341;0.175;0.047;0.331
DE;3;DE116;Rems-Murr-Kreis;2654;705;318;3677;0.005;0.005;0.004;0.004;105;259;1604;511;145;1027;0.029;0.071;0.439;0.14;0.04;0.281
DE;3;DE117;Heilbronn, Stadtkreis;728;280;126;1134;0.001;0.001;0.002;0.002;546;28;397;43;23;143;0.462;0.023;0.337;0.037;0.02;0.121
DE;3;DE118;Heilbronn, Landkreis;2124;565;254;2942;0.004;0.004;0.003;0.003;71;253;1440;394;115;741;0.024;0.084;0.478;0.131;0.038;0.246
DE;3;DE119;Hohenlohekreis;729;209;95;1032;0.001;0.001;0.001;0.001;21;138;512;131;33;219;0.02;0.131;0.486;0.124;0.032;0.208
DE;3;DE11A;Schwäbisch Hall;1310;350;158;1818;0.002;0.002;0.002;0.002;95;275;779;219;62;395;0.052;0.151;0.427;0.12;0.034;0.216
DE;3;DE11B;Main-Tauber-Kreis;952;244;110;1306;0.002;0.002;0.002;0.002;463;196;365;46;34;201;0.355;0.15;0.28;0.035;0.026;0.154
DE;3;DE11C;Heidenheim;944;232;106;1282;0.002;0.002;0.001;0.001;29;167;609;147;43;285;0.023;0.13;0.476;0.115;0.034;0.222
DE;3;DE11D;Ostalbkreis;2205;560;255;3020;0.004;0.004;0.003;0.003;85;381;1397;370;108;703;0.028;0.125;0.459;0.121;0.035;0.231
DE;2;DE12;Karlsruhe;18166;5433;2445;26045;0.033;0.033;0.034;0.033;3617;2051;10462;3253;883;6036;0.138;0.078;0.398;0.124;0.034;0.229
DE;3;DE121;Baden-Baden, Stadtkreis;368;138;62;567;0.001;0.001;0.001;0.001;36;45;309;77;15;108;0.061;0.076;0.523;0.131;0.025;0.184
DE;3;DE122;Karlsruhe, Stadtkreis;1838;788;352;2979;0.004;0.003;0.005;0.005;1340;60;1327;140;36;236;0.427;0.019;0.423;0.045;0.011;0.075
DE;3;DE123;Karlsruhe, Landkreis;2910;747;335;3992;0.005;0.005;0.005;0.005;92;324;1996;478;140;936;0.023;0.082;0.503;0.12;0.035;0.236
DE;3;DE124;Rastatt;1463;352;157;1972;0.002;0.003;0.002;0.002;45;231;978;220;66;445;0.023;0.116;0.493;0.111;0.033;0.224
DE;3;DE125;Heidelberg, Stadtkreis;898;389;175;1462;0.002;0.002;0.002;0.002;171;38;240;422;72;587;0.112;0.025;0.157;0.276;0.047;0.384
DE;3;DE126;Mannheim, Stadtkreis;1836;725;324;2885;0.004;0.003;0.004;0.004;1465;44;1155;118;36;240;0.479;0.014;0.378;0.039;0.012;0.079
DE;3;DE127;Neckar-Odenwald-Kreis;1032;251;113;1397;0.002;0.002;0.002;0.002;48;259;361;217;67;417;0.035;0.189;0.264;0.158;0.049;0.305
DE;3;DE128;Rhein-Neckar-Kreis;3687;992;447;5125;0.006;0.007;0.006;0.006;135;343;1866;831;237;1632;0.027;0.068;0.37;0.165;0.047;0.324
DE;3;DE129;Pforzheim, Stadtkreis;773;256;117;1146;0.001;0.001;0.002;0.002;184;38;625;126;24;179;0.156;0.033;0.531;0.107;0.021;0.152
DE;3;DE12A;Calw;1099;272;124;1494;0.002;0.002;0.002;0.002;33;247;427;232;69;454;0.023;0.169;0.292;0.159;0.047;0.311
DE;3;DE12B;Enzkreis;1409;309;141;1859;0.002;0.003;0.002;0.002;36;183;931;189;63;410;0.02;0.101;0.514;0.104;0.035;0.227
DE;3;DE12C;Freudenstadt;854;216;98;1168;0.001;0.002;0.001;0.001;33;238;246;205;59;389;0.028;0.204;0.21;0.175;0.05;0.332
DE;2;DE13;Freiburg;14760;3976;1809;20545;0.026;0.026;0.025;0.025;937;2344;10271;2256;592;4126;0.046;0.114;0.5;0.11;0.029;0.201
DE;3;DE131;Freiburg im Breisgau, Stadtkreis;1353;547;250;2150;0.003;0.002;0.003;0.003;294;54;1197;290;45;351;0.132;0.024;0.536;0.13;0.02;0.157
DE;3;DE132;Breisgau-Hochschwarzwald;1719;429;196;2344;0.003;0.003;0.003;0.003;111;321;1074;240;68;473;0.048;0.14;0.47;0.105;0.03;0.207
DE;3;DE133;Emmendingen;974;237;107;1317;0.002;0.002;0.001;0.001;32;166;657;131;38;264;0.025;0.129;0.511;0.102;0.029;0.205
DE;3;DE134;Ortenaukreis;2771;762;346;3878;0.005;0.005;0.005;0.005;146;506;2020;408;105;713;0.038;0.13;0.518;0.105;0.027;0.183
DE;3;DE135;Rottweil;997;240;110;1347;0.002;0.002;0.001;0.001;31;202;640;150;45;285;0.023;0.149;0.473;0.111;0.033;0.211
DE;3;DE136;Schwarzwald-Baar-Kreis;1527;398;182;2106;0.003;0.003;0.002;0.002;61;245;1031;241;66;467;0.029;0.116;0.488;0.114;0.031;0.221
DE;3;DE137;Tuttlingen;996;235;108;1339;0.002;0.002;0.001;0.001;32;208;687;135;40;262;0.024;0.153;0.504;0.099;0.029;0.192
DE;3;DE138;Konstanz;1839;491;223;2553;0.003;0.003;0.003;0.003;98;169;1317;291;80;576;0.039;0.067;0.52;0.115;0.032;0.228
DE;3;DE139;Lörrach;1453;366;166;1984;0.002;0.003;0.002;0.002;93;216;1027;192;54;385;0.047;0.11;0.522;0.098;0.028;0.196
DE;3;DE13A;Waldshut;1132;272;123;1527;0.002;0.002;0.002;0.002;39;257;621;177;51;350;0.026;0.172;0.415;0.118;0.034;0.234
DE;2;DE14;Tübingen;12561;3457;1573;17591;0.022;0.022;0.021;0.021;604;1872;8326;2258;611;4034;0.034;0.106;0.47;0.128;0.035;0.228
DE;3;DE141;Reutlingen;2040;553;253;2845;0.004;0.004;0.003;0.003;67;289;1186;418;117;784;0.024;0.101;0.414;0.146;0.041;0.274
DE;3;DE142;Tübingen, Landkreis;1416;403;183;2002;0.003;0.003;0.002;0.002;114;146;1014;229;63;416;0.058;0.074;0.512;0.115;0.032;0.21
DE;3;DE143;Zollernalbkreis;1396;325;148;1869;0.002;0.003;0.002;0.002;33;254;747;244;77;491;0.018;0.138;0.404;0.132;0.042;0.266
DE;3;DE144;Ulm, Stadtkreis;780;361;164;1306;0.002;0.001;0.002;0.002;179;37;740;201;31;215;0.127;0.027;0.527;0.143;0.022;0.153
DE;3;DE145;Alb-Donau-Kreis;1337;305;139;1781;0.002;0.002;0.002;0.002;30;255;876;175;54;347;0.017;0.147;0.504;0.101;0.031;0.2
DE;3;DE146;Biberach;1366;330;150;1846;0.002;0.002;0.002;0.002;38;250;938;204;62;388;0.02;0.133;0.499;0.109;0.033;0.207
DE;3;DE147;Bodenseekreis;1346;368;166;1880;0.002;0.002;0.002;0.002;54;114;974;245;68;472;0.028;0.059;0.506;0.127;0.035;0.245
DE;3;DE148;Ravensburg;1917;578;264;2758;0.003;0.003;0.004;0.004;64;288;1259;401;102;668;0.023;0.104;0.453;0.144;0.037;0.24
DE;3;DE149;Sigmaringen;962;235;107;1304;0.002;0.002;0.001;0.001;25;239;593;140;39;252;0.019;0.185;0.46;0.109;0.03;0.196
DE;1;DE2;BAYERN;88676;26653;12082;127411;0.161;0.159;0.164;0.165;9240;13894;58914;16346;3857;26075;0.072;0.108;0.459;0.127;0.03;0.203
DE;2;DE21;Oberbayern;29619;10717;4866;45202;0.057;0.053;0.066;0.066;4928;3434;21280;6541;1271;8975;0.106;0.074;0.458;0.141;0.027;0.193
DE;3;DE211;Ingolstadt, Kreisfreie Stadt;825;288;131;1245;0.002;0.001;0.002;0.002;104;39;708;177;40;271;0.078;0.029;0.529;0.132;0.03;0.202
DE;3;DE212;München, Kreisfreie Stadt;8702;4305;1953;14960;0.019;0.016;0.027;0.027;2698;158;7325;2829;336;2766;0.167;0.01;0.455;0.176;0.021;0.172
DE;3;DE213;Rosenheim, Kreisfreie Stadt;397;150;68;615;0.001;0.001;0.001;0.001;96;12;336;79;14;99;0.151;0.02;0.528;0.124;0.023;0.155
DE;3;DE214;Altötting;766;183;83;1032;0.001;0.001;0.001;0.001;312;99;460;33;23;134;0.294;0.094;0.433;0.031;0.021;0.126
DE;3;DE215;Berchtesgadener Land;770;210;96;1077;0.001;0.001;0.001;0.001;38;176;166;211;57;413;0.036;0.166;0.157;0.199;0.054;0.389
DE;3;DE216;Bad Tölz-Wolfratshausen;824;213;97;1134;0.001;0.001;0.001;0.001;65;231;504;101;25;183;0.059;0.208;0.454;0.091;0.022;0.165
DE;3;DE217;Dachau;921;238;108;1268;0.002;0.002;0.001;0.001;27;81;638;148;44;289;0.022;0.066;0.52;0.12;0.036;0.236
DE;3;DE218;Ebersberg;876;236;108;1220;0.002;0.002;0.001;0.001;35;127;626;130;35;238;0.03;0.107;0.525;0.109;0.03;0.2
DE;3;DE219;Eichstätt;891;217;99;1207;0.002;0.002;0.001;0.001;18;256;473;141;39;245;0.015;0.218;0.404;0.121;0.033;0.209
DE;3;DE21A;Erding;857;231;105;1194;0.002;0.002;0.001;0.001;27;88;602;141;41;261;0.023;0.076;0.519;0.122;0.035;0.225
DE;3;DE21B;Freising;1091;381;173;1645;0.002;0.002;0.002;0.002;382;113;815;107;37;225;0.228;0.067;0.485;0.064;0.022;0.134
DE;3;DE21C;Fürstenfeldbruck;1395;351;160;1906;0.002;0.002;0.002;0.002;77;94;930;217;66;448;0.042;0.051;0.507;0.119;0.036;0.244
DE;3;DE21D;Garmisch-Partenkirchen;622;173;79;873;0.001;0.001;0.001;0.001;28;178;290;114;28;217;0.033;0.209;0.339;0.134;0.032;0.254
DE;3;DE21E;Landsberg am Lech;816;203;93;1112;0.001;0.001;0.001;0.001;21;143;304;190;58;369;0.019;0.132;0.28;0.175;0.054;0.34
DE;3;DE21F;Miesbach;690;185;84;960;0.001;0.001;0.001;0.001;26;187;393;112;27;202;0.027;0.197;0.415;0.118;0.029;0.213
DE;3;DE21G;Mühldorf a. Inn;747;184;84;1015;0.001;0.001;0.001;0.001;18;111;514;111;33;212;0.018;0.111;0.514;0.111;0.033;0.212
DE;3;DE21H;München, Landkreis;2105;1335;606;4046;0.005;0.004;0.008;0.008;708;228;2226;650;70;444;0.164;0.053;0.515;0.15;0.016;0.103
DE;3;DE21I;Neuburg-Schrobenhausen;658;165;75;897;0.001;0.001;0.001;0.001;17;115;456;95;28;176;0.019;0.13;0.514;0.108;0.031;0.198
DE;3;DE21J;Pfaffenhofen a. d. Ilm;845;205;93;1144;0.001;0.002;0.001;0.001;32;127;568;126;39;247;0.028;0.111;0.499;0.111;0.035;0.217
DE;3;DE21K;Rosenheim, Landkreis;1722;442;201;2364;0.003;0.003;0.003;0.003;58;289;1115;269;76;509;0.025;0.125;0.481;0.116;0.033;0.22
DE;3;DE21L;Starnberg;932;281;127;1341;0.002;0.002;0.002;0.002;33;122;626;193;48;329;0.024;0.091;0.463;0.143;0.036;0.243
DE;3;DE21M;Traunstein;1244;313;142;1699;0.002;0.002;0.002;0.002;56;287;596;239;69;453;0.033;0.169;0.35;0.141;0.041;0.267
DE;3;DE21N;Weilheim-Schongau;922;225;102;1249;0.002;0.002;0.001;0.001;53;170;610;126;37;246;0.043;0.137;0.491;0.101;0.03;0.198
DE;2;DE22;Niederbayern;8734;2173;985;11893;0.015;0.016;0.013;0.013;225;1800;4987;1525;441;2799;0.019;0.153;0.423;0.13;0.037;0.238
DE;3;DE221;Landshut, Kreisfreie Stadt;453;170;77;701;0.001;0.001;0.001;0.001;22;22;393;109;23;163;0.03;0.029;0.537;0.149;0.032;0.222
DE;3;DE222;Passau, Kreisfreie Stadt;359;149;67;575;0.001;0.001;0.001;0.001;28;24;240;125;24;172;0.046;0.039;0.392;0.204;0.039;0.281
DE;3;DE223;Straubing, Kreisfreie Stadt;312;114;51;477;0.001;0.001;0.001;0.001;14;8;245;82;18;127;0.029;0.016;0.496;0.165;0.037;0.256
DE;3;DE224;Deggendorf;879;221;101;1201;0.002;0.002;0.001;0.001;21;155;570;142;41;262;0.017;0.13;0.479;0.119;0.035;0.22
DE;3;DE225;Freyung-Grafenau;614;136;62;811;0.001;0.001;0.001;0.001;11;227;389;55;13;83;0.014;0.292;0.5;0.071;0.016;0.107
DE;3;DE226;Kelheim;813;189;86;1088;0.001;0.001;0.001;0.001;20;212;548;93;26;165;0.019;0.199;0.515;0.087;0.024;0.155
DE;3;DE227;Landshut, Landkreis;1080;237;108;1425;0.002;0.002;0.001;0.001;20;186;647;162;54;332;0.014;0.133;0.462;0.116;0.039;0.237
DE;3;DE228;Passau, Landkreis;1367;309;140;1815;0.002;0.002;0.002;0.002;28;256;721;227;74;458;0.016;0.145;0.409;0.129;0.042;0.26
DE;3;DE229;Regen;618;141;64;823;0.001;0.001;0.001;0.001;13;241;413;51;10;73;0.016;0.301;0.515;0.064;0.013;0.091
DE;3;DE22A;Rottal-Inn;869;207;94;1170;0.001;0.002;0.001;0.001;20;173;355;182;58;355;0.017;0.152;0.311;0.159;0.05;0.31
DE;3;DE22B;Straubing-Bogen;704;147;66;917;0.001;0.001;0.001;0.001;13;172;367;95;32;192;0.015;0.197;0.422;0.109;0.036;0.221
DE;3;DE22C;Dingolfing-Landau;667;153;69;890;0.001;0.001;0.001;0.001;15;124;98;202;68;417;0.016;0.134;0.106;0.219;0.074;0.451
DE;2;DE23;Oberpfalz;7936;2070;939;10945;0.014;0.014;0.013;0.013;411;1971;5217;1118;282;1878;0.038;0.181;0.48;0.103;0.026;0.173
DE;3;DE231;Amberg, Kreisfreie Stadt;307;97;44;448;0.001;0.001;0.001;0.001;14;15;249;62;15;109;0.031;0.032;0.536;0.134;0.033;0.234
DE;3;DE232;Regensburg, Kreisfreie Stadt;927;384;174;1485;0.002;0.002;0.002;0.002;97;21;840;254;44;351;0.06;0.013;0.523;0.158;0.028;0.219
DE;3;DE233;Weiden i. d. Opf, Kreisfreie Stadt;313;118;54;485;0.001;0.001;0.001;0.001;15;22;270;74;15;108;0.029;0.044;0.536;0.146;0.03;0.214
DE;3;DE234;Amberg-Sulzbach;787;168;76;1032;0.001;0.001;0.001;0.001;107;264;502;31;12;74;0.108;0.267;0.507;0.032;0.012;0.074
DE;3;DE235;Cham;956;227;103;1286;0.002;0.002;0.001;0.001;19;305;635;109;27;173;0.015;0.24;0.501;0.086;0.021;0.136
DE;3;DE236;Neumarkt i. d. OPf.;914;231;104;1249;0.002;0.002;0.001;0.001;19;256;355;198;56;351;0.016;0.207;0.287;0.16;0.046;0.284
DE;3;DE237;Neustadt a. d. Waldnaab;729;153;70;951;0.001;0.001;0.001;0.001;16;282;456;58;14;92;0.017;0.307;0.496;0.063;0.015;0.101
DE;3;DE238;Regensburg, Landkreis;1336;287;130;1753;0.002;0.002;0.002;0.002;31;273;767;174;57;362;0.018;0.164;0.461;0.105;0.034;0.218
DE;3;DE239;Schwandorf;1076;274;124;1474;0.002;0.002;0.002;0.002;81;322;748;106;28;175;0.055;0.22;0.513;0.073;0.019;0.12
DE;3;DE23A;Tirschenreuth;591;131;60;782;0.001;0.001;0.001;0.001;12;212;395;52;12;84;0.016;0.276;0.515;0.068;0.016;0.109
DE;2;DE24;Oberfranken;8158;2093;948;11199;0.014;0.015;0.013;0.013;470;1558;5453;1157;318;2109;0.042;0.141;0.493;0.105;0.029;0.191
DE;3;DE241;Bamberg, Kreisfreie Stadt;497;186;84;767;0.001;0.001;0.001;0.001;58;20;437;111;21;163;0.071;0.025;0.539;0.137;0.027;0.201
DE;3;DE242;Bayreuth, Kreisfreie Stadt;520;203;92;815;0.001;0.001;0.001;0.001;29;21;463;130;26;189;0.034;0.025;0.541;0.151;0.03;0.22
DE;3;DE243;Coburg, Kreisfreie Stadt;311;135;61;507;0.001;0.001;0.001;0.001;43;16;288;81;15;102;0.079;0.029;0.529;0.149;0.027;0.187
DE;3;DE244;Hof, Kreisfreie Stadt;359;125;57;541;0.001;0.001;0.001;0.001;40;13;297;74;16;116;0.071;0.023;0.535;0.134;0.029;0.208
DE;3;DE245;Bamberg, Landkreis;1020;226;102;1348;0.002;0.002;0.001;0.001;23;243;665;111;33;214;0.018;0.188;0.516;0.086;0.026;0.166
DE;3;DE246;Bayreuth, Landkreis;827;172;78;1077;0.001;0.001;0.001;0.001;16;260;488;80;23;150;0.015;0.255;0.48;0.079;0.023;0.148
DE;3;DE247;Coburg, Landkreis;667;138;63;868;0.001;0.001;0.001;0.001;16;113;403;85;29;189;0.019;0.135;0.483;0.102;0.035;0.226
DE;3;DE248;Forchheim;823;181;82;1085;0.001;0.001;0.001;0.001;21;147;495;108;35;225;0.021;0.143;0.48;0.104;0.034;0.218
DE;3;DE249;Hof, Landkreis;826;182;83;1090;0.001;0.001;0.001;0.001;19;166;556;99;31;201;0.018;0.155;0.519;0.092;0.029;0.187
DE;3;DE24A;Kronach;573;126;57;756;0.001;0.001;0.001;0.001;11;186;198;106;33;206;0.015;0.251;0.267;0.143;0.045;0.279
DE;3;DE24B;Kulmbach;580;136;61;778;0.001;0.001;0.001;0.001;13;126;387;75;22;141;0.017;0.165;0.506;0.098;0.029;0.185
DE;3;DE24C;Lichtenfels;516;137;62;716;0.001;0.001;0.001;0.001;16;111;369;73;19;122;0.022;0.157;0.52;0.102;0.027;0.172
DE;3;DE24D;Wunsiedel i. Fichtelgebirge;637;146;67;850;0.001;0.001;0.001;0.001;165;136;407;24;15;91;0.197;0.162;0.485;0.029;0.018;0.108
DE;2;DE25;Mittelfranken;12057;3593;1622;17272;0.022;0.022;0.022;0.022;1467;1510;8305;2134;507;3450;0.084;0.087;0.478;0.123;0.029;0.199
DE;3;DE251;Ansbach, Kreisfreie Stadt;294;106;48;449;0.001;0.001;0.001;0.001;12;25;249;67;15;100;0.027;0.055;0.532;0.143;0.031;0.213
DE;3;DE252;Erlangen, Kreisfreie Stadt;723;291;131;1145;0.001;0.001;0.002;0.002;291;27;634;134;20;127;0.236;0.022;0.515;0.109;0.016;0.103
DE;3;DE253;Fürth, Kreisfreie Stadt;797;241;109;1147;0.001;0.001;0.001;0.001;58;20;624;144;34;268;0.051;0.017;0.543;0.126;0.03;0.233
DE;3;DE254;Nürnberg, Kreisfreie Stadt;3325;1340;605;5270;0.007;0.006;0.008;0.008;916;83;2930;700;104;785;0.166;0.015;0.531;0.127;0.019;0.142
DE;3;DE255;Schwabach, Kreisfreie Stadt;278;77;35;390;0;0;0;0;11;16;203;49;14;95;0.027;0.042;0.523;0.127;0.035;0.245
DE;3;DE256;Ansbach, Landkreis;1319;298;135;1753;0.002;0.002;0.002;0.002;26;302;732;200;62;389;0.015;0.177;0.428;0.117;0.036;0.227
DE;3;DE257;Erlangen-Höchstadt;945;214;96;1256;0.002;0.002;0.001;0.001;31;157;627;122;38;252;0.025;0.128;0.511;0.099;0.031;0.205
DE;3;DE258;Fürth, Landkreis;832;189;85;1106;0.001;0.001;0.001;0.001;27;70;554;114;38;251;0.025;0.067;0.526;0.108;0.036;0.239
DE;3;DE259;Nürnberger Land;1234;294;133;1661;0.002;0.002;0.002;0.002;36;232;808;168;49;334;0.022;0.143;0.497;0.103;0.03;0.205
DE;3;DE25A;Neustadt a. d. Aisch-Bad Windsheim;716;165;75;955;0.001;0.001;0.001;0.001;14;187;412;99;29;182;0.015;0.203;0.447;0.107;0.031;0.197
DE;3;DE25B;Roth;909;215;97;1221;0.002;0.002;0.001;0.001;26;221;355;177;54;347;0.022;0.187;0.301;0.15;0.046;0.294
DE;3;DE25C;Weißenburg-Gunzenhausen;684;162;73;919;0.001;0.001;0.001;0.001;17;169;178;162;51;321;0.019;0.188;0.199;0.18;0.056;0.358
DE;2;DE26;Unterfranken;9359;2533;1144;13036;0.016;0.017;0.016;0.016;781;1881;5988;1485;375;2438;0.06;0.145;0.462;0.115;0.029;0.188
DE;3;DE261;Aschaffenburg, Kreisfreie Stadt;445;203;92;740;0.001;0.001;0.001;0.001;94;23;212;194;33;240;0.118;0.029;0.266;0.244;0.042;0.302
DE;3;DE262;Schweinfurt, Kreisfreie Stadt;351;135;61;548;0.001;0.001;0.001;0.001;103;12;293;77;13;91;0.175;0.021;0.497;0.13;0.022;0.154
DE;3;DE263;Würzburg, Kreisfreie Stadt;849;362;163;1374;0.002;0.002;0.002;0.002;379;28;718;153;22;144;0.263;0.019;0.497;0.106;0.015;0.1
DE;3;DE264;Aschaffenburg, Landkreis;1222;310;140;1671;0.002;0.002;0.002;0.002;35;247;602;240;70;448;0.021;0.151;0.367;0.146;0.043;0.273
DE;3;DE265;Bad Kissingen;770;193;87;1051;0.001;0.001;0.001;0.001;21;246;499;92;22;145;0.02;0.24;0.487;0.09;0.021;0.141
DE;3;DE266;Rhön-Grabfeld;601;146;66;812;0.001;0.001;0.001;0.001;15;180;351;85;23;146;0.019;0.225;0.439;0.106;0.029;0.182
DE;3;DE267;Haßberge;617;137;62;815;0.001;0.001;0.001;0.001;11;187;407;62;17;107;0.014;0.236;0.514;0.079;0.021;0.135
DE;3;DE268;Kitzingen;639;160;72;871;0.001;0.001;0.001;0.001;15;101;447;93;28;174;0.017;0.118;0.521;0.109;0.032;0.203
DE;3;DE269;Miltenberg;932;226;103;1261;0.002;0.002;0.001;0.001;44;226;596;119;34;219;0.036;0.183;0.481;0.096;0.027;0.177
DE;3;DE26A;Main-Spessart;951;206;93;1250;0.002;0.002;0.001;0.001;20;329;597;97;26;167;0.016;0.266;0.483;0.079;0.021;0.135
DE;3;DE26B;Schweinfurt, Landkreis;833;182;82;1097;0.001;0.001;0.001;0.001;17;143;510;111;37;231;0.016;0.136;0.486;0.106;0.035;0.221
DE;3;DE26C;Würzburg, Landkreis;1150;272;123;1544;0.002;0.002;0.002;0.002;27;158;757;162;51;326;0.018;0.107;0.511;0.11;0.034;0.22
DE;2;DE27;Schwaben;12814;3474;1577;17865;0.023;0.023;0.021;0.022;959;1740;7683;2384;663;4426;0.054;0.097;0.43;0.134;0.037;0.248
DE;3;DE271;Augsburg, Kreisfreie Stadt;1774;651;294;2718;0.003;0.003;0.004;0.004;308;54;1515;364;67;514;0.109;0.019;0.537;0.129;0.024;0.182
DE;3;DE272;Kaufbeuren, Kreisfreie Stadt;300;95;43;438;0.001;0.001;0.001;0.001;16;14;97;103;26;184;0.036;0.033;0.22;0.234;0.059;0.418
DE;3;DE273;Kempten (Allgäu), Kreisfreie Stadt;463;188;86;738;0.001;0.001;0.001;0.001;58;14;321;146;27;205;0.075;0.018;0.417;0.19;0.035;0.266
DE;3;DE274;Memmingen, Kreisfreie Stadt;298;103;47;448;0.001;0.001;0.001;0.001;17;20;52;131;31;218;0.036;0.043;0.11;0.28;0.067;0.464
DE;3;DE275;Aichach-Friedberg;910;213;97;1220;0.002;0.002;0.001;0.001;23;136;611;123;39;245;0.019;0.116;0.519;0.105;0.033;0.208
DE;3;DE276;Augsburg, Landkreis;1698;404;183;2284;0.003;0.003;0.002;0.002;90;241;1140;223;70;456;0.041;0.109;0.513;0.1;0.032;0.205
DE;3;DE277;Dillingen a.d. Donau;671;161;73;904;0.001;0.001;0.001;0.001;81;120;448;64;25;149;0.092;0.135;0.506;0.072;0.028;0.168
DE;3;DE278;Günzburg;867;225;102;1194;0.002;0.002;0.001;0.001;26;148;594;142;41;257;0.021;0.123;0.492;0.117;0.034;0.213
DE;3;DE279;Neu-Ulm;1161;295;134;1590;0.002;0.002;0.002;0.002;167;122;804;145;47;293;0.106;0.077;0.509;0.092;0.03;0.186
DE;3;DE27A;Lindau (Bodensee);573;146;67;786;0.001;0.001;0.001;0.001;23;52;327;114;34;236;0.029;0.066;0.417;0.145;0.043;0.3
DE;3;DE27B;Ostallgäu;1017;243;111;1371;0.002;0.002;0.001;0.002;51;217;492;180;56;358;0.038;0.16;0.364;0.133;0.041;0.264
DE;3;DE27C;Unterallgäu;1020;230;104;1354;0.002;0.002;0.001;0.001;25;188;168;275;93;582;0.019;0.141;0.126;0.206;0.07;0.437
DE;3;DE27D;Donau-Ries;941;241;109;1290;0.002;0.002;0.001;0.001;20;200;637;149;42;260;0.015;0.153;0.487;0.114;0.032;0.199
DE;3;DE27E;Oberallgäu;1123;280;128;1531;0.002;0.002;0.002;0.002;53;214;476;225;65;471;0.035;0.142;0.316;0.15;0.043;0.313
DE;1;DE3;BERLIN;21939;7459;3330;32727;0.041;0.039;0.046;0.045;5625;346;16059;4291;722;6129;0.17;0.01;0.484;0.129;0.022;0.185
DE;2;DE30;Berlin;21939;7459;3330;32727;0.041;0.039;0.046;0.045;5625;346;16059;4291;722;6129;0.17;0.01;0.484;0.129;0.022;0.185
DE;3;DE300;Berlin;21939;7459;3330;32727;0.041;0.039;0.046;0.045;5625;346;16059;4291;722;6129;0.17;0.01;0.484;0.129;0.022;0.185
DE;1;DE4;BRANDENBURG;17633;4497;2024;24154;0.03;0.032;0.028;0.028;2496;4328;10863;1914;492;3465;0.106;0.184;0.461;0.081;0.021;0.147
DE;2;DE40;Brandenburg;17633;4497;2024;24154;0.03;0.032;0.028;0.028;2496;4328;10863;1914;492;3465;0.106;0.184;0.461;0.081;0.021;0.147
DE;3;DE401;Brandenburg an der Havel, Kreisfreie Stadt;496;143;64;703;0.001;0.001;0.001;0.001;29;35;328;95;24;194;0.041;0.049;0.466;0.135;0.034;0.275
DE;3;DE402;Cottbus, Kreisfreie Stadt;670;226;101;997;0.001;0.001;0.001;0.001;262;28;501;91;16;102;0.262;0.028;0.501;0.091;0.016;0.102
DE;3;DE403;Frankfurt (Oder), Kreisfreie Stadt;393;137;62;591;0.001;0.001;0.001;0.001;204;21;250;59;9;61;0.338;0.035;0.414;0.098;0.015;0.1
DE;3;DE404;Potsdam, Kreisfreie Stadt;1027;405;182;1614;0.002;0.002;0.002;0.002;95;39;879;239;43;354;0.058;0.024;0.533;0.145;0.026;0.215
DE;3;DE405;Barnim;1241;293;132;1666;0.002;0.002;0.002;0.002;102;307;747;129;37;258;0.065;0.194;0.473;0.082;0.024;0.163
DE;3;DE406;Dahme-Spreewald;1139;354;159;1652;0.002;0.002;0.002;0.002;91;417;705;175;33;232;0.055;0.253;0.426;0.106;0.02;0.14
DE;3;DE407;Elbe-Elster;833;188;85;1106;0.001;0.001;0.001;0.001;44;280;539;67;17;118;0.041;0.263;0.507;0.063;0.016;0.11
DE;3;DE408;Havelland;1098;242;109;1449;0.002;0.002;0.001;0.001;127;232;589;116;40;264;0.093;0.169;0.43;0.085;0.03;0.193
DE;3;DE409;Märkisch-Oderland;1360;307;139;1806;0.002;0.002;0.002;0.002;108;270;864;134;43;287;0.063;0.158;0.506;0.079;0.025;0.168
DE;3;DE40A;Oberhavel;1449;357;161;1967;0.002;0.003;0.002;0.002;46;347;915;188;51;360;0.024;0.182;0.48;0.099;0.027;0.189
DE;3;DE40B;Oberspreewald-Lausitz;852;201;90;1143;0.001;0.002;0.001;0.001;181;191;457;82;25;173;0.163;0.172;0.412;0.074;0.023;0.156
DE;3;DE40C;Oder-Spree;1281;299;134;1714;0.002;0.002;0.002;0.002;191;404;746;97;27;190;0.115;0.244;0.451;0.059;0.016;0.115
DE;3;DE40D;Ostprignitz-Ruppin;754;176;79;1009;0.001;0.001;0.001;0.001;45;282;380;85;22;162;0.046;0.289;0.389;0.087;0.023;0.166
DE;3;DE40E;Potsdam-Mittelmark;1461;343;155;1958;0.002;0.003;0.002;0.002;36;464;964;138;33;230;0.019;0.249;0.517;0.074;0.017;0.124
DE;3;DE40F;Prignitz;632;141;64;837;0.001;0.001;0.001;0.001;38;184;394;59;17;119;0.047;0.227;0.486;0.073;0.021;0.146
DE;3;DE40G;Spree-Neiße;887;190;85;1162;0.001;0.002;0.001;0.001;504;232;361;20;8;50;0.429;0.198;0.308;0.017;0.006;0.042
DE;3;DE40H;Teltow-Fläming;1147;281;126;1553;0.002;0.002;0.002;0.002;285;334;708;49;22;132;0.186;0.219;0.463;0.032;0.014;0.086
DE;3;DE40I;Uckermark;914;215;97;1227;0.002;0.002;0.001;0.001;109;260;535;90;26;182;0.091;0.216;0.445;0.075;0.021;0.152
DE;1;DE5;BREMEN;4478;1576;718;6772;0.009;0.008;0.01;0.01;1394;112;3505;772;162;1053;0.199;0.016;0.501;0.11;0.023;0.15
DE;2;DE50;Bremen;4478;1576;718;6772;0.009;0.008;0.01;0.01;1394;112;3505;772;162;1053;0.199;0.016;0.501;0.11;0.023;0.15
DE;3;DE501;Bremen, Kreisfreie Stadt;3718;1314;598;5630;0.007;0.007;0.008;0.008;1339;93;2874;610;127;790;0.23;0.016;0.493;0.105;0.022;0.135
DE;3;DE502;Bremerhaven, Kreisfreie Stadt;760;262;120;1142;0.001;0.001;0.002;0.002;56;20;630;162;35;263;0.048;0.017;0.541;0.139;0.03;0.226
DE;1;DE6;HAMBURG;11118;5329;2428;18874;0.024;0.02;0.033;0.033;3162;255;9359;3374;454;3466;0.158;0.013;0.466;0.168;0.023;0.173
DE;2;DE60;Hamburg;11118;5329;2428;18874;0.024;0.02;0.033;0.033;3162;255;9359;3374;454;3466;0.158;0.013;0.466;0.168;0.023;0.173
DE;3;DE600;Hamburg;11118;5329;2428;18874;0.024;0.02;0.033;0.033;3162;255;9359;3374;454;3466;0.158;0.013;0.466;0.168;0.023;0.173
DE;1;DE7;HESSEN;42076;13611;6145;61833;0.078;0.075;0.084;0.084;4757;5501;26922;9073;2013;13923;0.076;0.088;0.433;0.146;0.032;0.224
DE;2;DE71;Darmstadt;25129;9188;4135;38453;0.048;0.045;0.057;0.056;3964;2288;17653;5931;1147;8206;0.101;0.058;0.45;0.151;0.029;0.209
DE;3;DE711;Darmstadt, Kreisfreie Stadt;922;409;184;1515;0.002;0.002;0.003;0.003;289;49;843;205;28;197;0.179;0.031;0.523;0.127;0.017;0.122
DE;3;DE712;Frankfurt am Main, Kreisfreie Stadt;4058;2677;1204;7939;0.01;0.007;0.017;0.016;1477;107;3113;2086;196;1623;0.172;0.012;0.362;0.242;0.023;0.189
DE;3;DE713;Offenbach am Main, Kreisfreie Stadt;680;253;113;1046;0.001;0.001;0.002;0.002;221;19;560;119;17;130;0.207;0.018;0.525;0.112;0.016;0.122
DE;3;DE714;Wiesbaden, Kreisfreie Stadt;1775;806;364;2945;0.004;0.003;0.005;0.005;192;69;1677;481;76;610;0.062;0.022;0.54;0.155;0.025;0.197
DE;3;DE715;Bergstraße;1811;442;198;2451;0.003;0.003;0.003;0.003;74;222;1214;267;81;543;0.031;0.092;0.506;0.111;0.034;0.226
DE;3;DE716;Darmstadt-Dieburg;1939;463;208;2610;0.003;0.003;0.003;0.003;57;205;1264;289;91;604;0.023;0.082;0.504;0.115;0.036;0.241
DE;3;DE717;Groß-Gerau;1609;478;214;2302;0.003;0.003;0.003;0.003;65;118;1185;314;82;573;0.028;0.051;0.507;0.134;0.035;0.245
DE;3;DE718;Hochtaunuskreis;1614;582;262;2458;0.003;0.003;0.004;0.004;74;182;850;512;111;788;0.029;0.072;0.338;0.203;0.044;0.313
DE;3;DE719;Main-Kinzig-Kreis;2938;754;342;4035;0.005;0.005;0.005;0.005;1119;396;1739;129;86;511;0.281;0.099;0.437;0.032;0.022;0.128
DE;3;DE71A;Main-Taunus-Kreis;1541;679;306;2527;0.003;0.003;0.004;0.004;136;92;1136;511;95;664;0.052;0.035;0.431;0.194;0.036;0.252
DE;3;DE71B;Odenwaldkreis;708;157;71;937;0.001;0.001;0.001;0.001;19;182;449;79;24;151;0.021;0.201;0.496;0.088;0.026;0.168
DE;3;DE71C;Offenbach, Landkreis;2164;667;298;3129;0.004;0.004;0.004;0.004;99;150;1640;406;100;722;0.032;0.048;0.526;0.13;0.032;0.232
DE;3;DE71D;Rheingau-Taunus-Kreis;1312;306;138;1756;0.002;0.002;0.002;0.002;42;250;759;188;56;391;0.025;0.148;0.45;0.112;0.033;0.232
DE;3;DE71E;Wetteraukreis;2058;514;232;2804;0.004;0.004;0.003;0.003;99;247;1225;345;105;698;0.036;0.091;0.45;0.127;0.039;0.257
DE;2;DE72;Gießen;7643;1934;878;10454;0.013;0.014;0.012;0.012;254;1347;4982;1171;334;2186;0.025;0.131;0.485;0.114;0.033;0.213
DE;3;DE721;Gießen, Landkreis;1839;526;238;2603;0.003;0.003;0.003;0.003;93;220;1338;307;81;546;0.036;0.085;0.518;0.119;0.031;0.211
DE;3;DE722;Lahn-Dill-Kreis;1888;461;209;2558;0.003;0.003;0.003;0.003;45;356;1212;286;84;540;0.018;0.141;0.48;0.113;0.033;0.214
DE;3;DE723;Limburg-Weilburg;1261;305;138;1705;0.002;0.002;0.002;0.002;30;193;776;199;61;389;0.018;0.117;0.471;0.121;0.037;0.236
DE;3;DE724;Marburg-Biedenkopf;1787;453;206;2447;0.003;0.003;0.003;0.003;70;310;1149;281;80;535;0.029;0.128;0.474;0.116;0.033;0.221
DE;3;DE725;Vogelsbergkreis;868;188;86;1141;0.001;0.002;0.001;0.001;16;268;506;98;28;176;0.014;0.245;0.464;0.09;0.025;0.161
DE;2;DE73;Kassel;9304;2489;1132;12926;0.016;0.017;0.015;0.015;539;1866;4286;1971;532;3531;0.042;0.147;0.337;0.155;0.042;0.277
DE;3;DE731;Kassel, Kreisfreie Stadt;1332;506;230;2069;0.003;0.002;0.003;0.003;275;46;282;568;113;862;0.128;0.021;0.131;0.265;0.053;0.402
DE;3;DE732;Fulda;1630;452;206;2287;0.003;0.003;0.003;0.003;48;297;1129;271;71;462;0.021;0.13;0.496;0.119;0.031;0.203
DE;3;DE733;Hersfeld-Rotenburg;959;232;105;1296;0.002;0.002;0.001;0.001;67;260;578;117;35;218;0.053;0.204;0.453;0.092;0.027;0.171
DE;3;DE734;Kassel, Landkreis;1807;389;177;2373;0.003;0.003;0.002;0.002;45;322;611;371;128;817;0.02;0.141;0.266;0.162;0.056;0.356
DE;3;DE735;Schwalm-Eder-Kreis;1384;319;145;1847;0.002;0.002;0.002;0.002;28;318;694;231;72;447;0.016;0.178;0.388;0.129;0.04;0.25
DE;3;DE736;Waldeck-Frankenberg;1366;405;184;1956;0.002;0.002;0.003;0.003;56;398;838;218;50;327;0.03;0.211;0.444;0.115;0.027;0.173
DE;3;DE737;Werra-Meißner-Kreis;827;187;85;1099;0.001;0.001;0.001;0.001;21;224;154;195;63;399;0.02;0.212;0.146;0.185;0.06;0.378
DE;1;DE8;MECKLENBURG-VORPOMMERN;10722;2956;1346;15024;0.019;0.019;0.018;0.018;1490;2185;7082;1371;352;2401;0.1;0.147;0.476;0.092;0.024;0.161
DE;2;DE80;Mecklenburg-Vorpommern;10722;2956;1346;15024;0.019;0.019;0.018;0.018;1490;2185;7082;1371;352;2401;0.1;0.147;0.476;0.092;0.024;0.161
DE;3;DE803;Rostock, Kreisfreie Stadt;1234;424;193;1852;0.002;0.002;0.003;0.003;803;35;814;86;18;124;0.427;0.019;0.433;0.046;0.009;0.066
DE;3;DE804;Schwerin, Kreisfreie Stadt;588;201;91;880;0.001;0.001;0.001;0.001;39;19;494;117;24;203;0.044;0.022;0.551;0.131;0.027;0.226
DE;3;DE80J;Mecklenburgische Seenplatte;1607;532;242;2381;0.003;0.003;0.003;0.003;165;509;1179;232;42;296;0.068;0.21;0.487;0.096;0.017;0.122
DE;3;DE80K;Landkreis Rostock;1432;358;163;1953;0.002;0.003;0.002;0.002;62;285;965;184;53;344;0.033;0.151;0.51;0.097;0.028;0.182
DE;3;DE80L;Vorpommern-Rügen;1507;387;178;2071;0.003;0.003;0.002;0.002;61;277;867;251;72;487;0.03;0.138;0.43;0.124;0.036;0.242
DE;3;DE80M;Nordwestmecklenburg;1037;242;110;1390;0.002;0.002;0.001;0.002;50;151;629;149;48;315;0.037;0.112;0.469;0.111;0.036;0.235
DE;3;DE80N;Vorpommern-Greifswald;1821;481;219;2522;0.003;0.003;0.003;0.003;242;400;1204;227;62;404;0.095;0.158;0.474;0.089;0.025;0.159
DE;3;DE80O;Ludwigslust-Parchim;1496;330;150;1975;0.002;0.003;0.002;0.002;68;507;929;126;33;229;0.036;0.268;0.491;0.066;0.018;0.121
DE;1;DE9;NIEDERSACHSEN;56362;14414;6553;77328;0.097;0.101;0.089;0.089;5408;6856;34990;8770;2668;17285;0.071;0.09;0.461;0.115;0.035;0.228
DE;2;DE91;Braunschweig;11656;2964;1346;15966;0.02;0.021;0.018;0.018;999;1585;5018;2485;726;4933;0.063;0.101;0.319;0.158;0.046;0.313
DE;3;DE911;Braunschweig, Kreisfreie Stadt;1708;559;253;2520;0.003;0.003;0.003;0.003;544;48;981;377;78;546;0.211;0.019;0.381;0.147;0.03;0.212
DE;3;DE912;Salzgitter, Kreisfreie Stadt;671;177;80;928;0.001;0.001;0.001;0.001;35;38;249;190;55;397;0.036;0.039;0.258;0.197;0.057;0.412
DE;3;DE913;Wolfsburg, Kreisfreie Stadt;815;286;130;1231;0.002;0.001;0.002;0.002;52;50;677;194;43;306;0.039;0.038;0.512;0.147;0.032;0.231
DE;3;DE914;Gifhorn;1234;252;114;1599;0.002;0.002;0.002;0.002;25;297;630;154;51;326;0.017;0.2;0.425;0.104;0.035;0.22
DE;3;DE915;Göttingen;1830;523;237;2589;0.003;0.003;0.003;0.003;89;225;693;500;134;945;0.034;0.087;0.268;0.193;0.052;0.366
DE;3;DE916;Goslar;1150;273;125;1548;0.002;0.002;0.002;0.002;91;239;162;292;91;639;0.06;0.158;0.107;0.193;0.06;0.422
DE;3;DE917;Helmstedt;696;141;64;901;0.001;0.001;0.001;0.001;62;105;267;109;42;267;0.072;0.123;0.314;0.128;0.049;0.314
DE;3;DE918;Northeim;1085;234;107;1425;0.002;0.002;0.001;0.001;32;250;493;175;58;370;0.023;0.181;0.358;0.127;0.042;0.269
DE;3;DE919;Osterode am Harz;621;143;65;830;0.001;0.001;0.001;0.001;21;170;84;160;50;335;0.025;0.207;0.103;0.195;0.062;0.408
DE;3;DE91A;Peine;956;198;90;1243;0.002;0.002;0.001;0.001;21;64;598;134;50;311;0.018;0.054;0.508;0.114;0.042;0.265
DE;3;DE91B;Wolfenbüttel;891;179;81;1151;0.001;0.002;0.001;0.001;28;100;184;200;75;491;0.026;0.093;0.171;0.186;0.069;0.455
DE;2;DE92;Hannover;15145;4261;1934;21340;0.027;0.027;0.026;0.026;2554;1433;10609;2242;595;3843;0.12;0.067;0.499;0.105;0.028;0.181
DE;3;DE922;Diepholz;1570;351;159;2081;0.003;0.003;0.002;0.002;34;163;1046;222;76;468;0.017;0.081;0.52;0.111;0.038;0.233
DE;3;DE923;Hameln-Pyrmont;1149;276;125;1550;0.002;0.002;0.002;0.002;208;162;603;161;55;345;0.136;0.105;0.393;0.105;0.036;0.225
DE;3;DE925;Hildesheim;2034;478;217;2729;0.003;0.004;0.003;0.003;71;221;1300;308;97;654;0.027;0.083;0.49;0.116;0.037;0.247
DE;3;DE926;Holzminden;596;120;55;770;0.001;0.001;0.001;0.001;14;155;258;91;31;201;0.018;0.207;0.344;0.121;0.042;0.268
DE;3;DE927;Nienburg (Weser);901;205;93;1198;0.002;0.002;0.001;0.001;74;157;592;94;34;206;0.064;0.135;0.512;0.082;0.029;0.178
DE;3;DE928;Schaumburg;1170;251;114;1534;0.002;0.002;0.002;0.002;29;139;760;150;51;332;0.02;0.095;0.52;0.102;0.035;0.227
DE;3;DE929;Region Hannover;7726;2582;1171;11479;0.014;0.014;0.016;0.016;2124;436;6050;1217;249;1637;0.181;0.037;0.517;0.104;0.021;0.14
DE;2;DE93;Lüneburg;12315;2862;1301;16478;0.021;0.022;0.018;0.018;694;2254;7593;1548;509;3237;0.044;0.142;0.48;0.098;0.032;0.204
DE;3;DE931;Celle;1313;309;140;1762;0.002;0.002;0.002;0.002;37;356;745;184;52;342;0.021;0.208;0.434;0.107;0.03;0.199
DE;3;DE932;Cuxhaven;1481;315;144;1939;0.002;0.003;0.002;0.002;33;160;940;195;68;435;0.018;0.087;0.513;0.106;0.037;0.237
DE;3;DE933;Harburg;1738;388;176;2302;0.003;0.003;0.002;0.002;38;251;1068;237;78;497;0.017;0.116;0.492;0.109;0.036;0.229
DE;3;DE934;Lüchow-Dannenberg;392;80;36;508;0.001;0.001;0;0;7;170;214;33;8;52;0.015;0.351;0.442;0.067;0.016;0.108
DE;3;DE935;Lüneburg, Landkreis;1237;313;142;1693;0.002;0.002;0.002;0.002;59;233;696;201;58;389;0.036;0.142;0.425;0.123;0.035;0.238
DE;3;DE936;Osterholz;829;171;78;1079;0.001;0.001;0.001;0.001;16;83;472;119;43;271;0.016;0.083;0.47;0.118;0.043;0.269
DE;3;DE937;Rotenburg (Wümme);1219;299;136;1654;0.002;0.002;0.002;0.002;27;226;804;176;52;321;0.017;0.14;0.501;0.109;0.033;0.2
DE;3;DE938;Heidekreis;1009;257;117;1383;0.002;0.002;0.002;0.002;38;349;638;120;27;182;0.028;0.257;0.471;0.089;0.02;0.134
DE;3;DE939;Stade;1391;342;156;1890;0.002;0.002;0.002;0.002;389;102;892;74;56;331;0.211;0.055;0.484;0.04;0.031;0.179
DE;3;DE93A;Uelzen;728;166;75;969;0.001;0.001;0.001;0.001;26;224;467;71;19;123;0.028;0.241;0.502;0.076;0.02;0.133
DE;3;DE93B;Verden;977;222;101;1299;0.002;0.002;0.001;0.001;24;99;656;139;47;294;0.019;0.079;0.521;0.111;0.037;0.233
DE;2;DE94;Weser-Ems;17245;4326;1972;23544;0.03;0.031;0.027;0.027;1161;1584;11769;2494;838;5271;0.05;0.069;0.509;0.108;0.036;0.228
DE;3;DE941;Delmenhorst, Kreisfreie Stadt;518;126;57;700;0.001;0.001;0.001;0.001;16;14;354;82;27;178;0.024;0.021;0.528;0.123;0.04;0.265
DE;3;DE942;Emden, Kreisfreie Stadt;352;106;48;506;0.001;0.001;0.001;0.001;125;11;257;32;15;91;0.236;0.02;0.483;0.06;0.029;0.172
DE;3;DE943;Oldenburg (Oldenburg), Kreisfreie Stadt;1130;378;172;1679;0.002;0.002;0.002;0.002;53;35;902;247;61;408;0.031;0.021;0.529;0.145;0.035;0.239
DE;3;DE944;Osnabrück, Kreisfreie Stadt;1077;390;177;1643;0.002;0.002;0.002;0.002;65;39;916;246;52;383;0.038;0.023;0.538;0.145;0.031;0.225
DE;3;DE945;Wilhelmshaven, Kreisfreie Stadt;568;167;76;811;0.001;0.001;0.001;0.001;29;15;402;120;31;227;0.035;0.018;0.488;0.146;0.037;0.275
DE;3;DE946;Ammerland;864;191;87;1142;0.001;0.002;0.001;0.001;26;72;565;122;44;267;0.024;0.066;0.516;0.111;0.04;0.244
DE;3;DE947;Aurich;1382;304;139;1826;0.002;0.002;0.002;0.002;31;86;893;204;74;451;0.018;0.049;0.514;0.117;0.043;0.259
DE;3;DE948;Cloppenburg;1053;247;113;1413;0.002;0.002;0.002;0.002;25;131;713;153;51;306;0.018;0.095;0.517;0.111;0.037;0.222
DE;3;DE949;Emsland;2109;527;240;2877;0.004;0.004;0.003;0.003;520;346;1346;106;81;469;0.181;0.121;0.469;0.037;0.028;0.164
DE;3;DE94A;Friesland (DE);762;160;73;996;0.001;0.001;0.001;0.001;15;56;490;107;39;242;0.016;0.059;0.516;0.113;0.041;0.255
DE;3;DE94B;Grafschaft Bentheim;913;211;96;1219;0.002;0.002;0.001;0.001;86;119;608;99;39;231;0.073;0.101;0.514;0.084;0.033;0.196
DE;3;DE94C;Leer;1197;306;140;1643;0.002;0.002;0.002;0.002;41;60;818;202;67;407;0.025;0.038;0.513;0.127;0.042;0.255
DE;3;DE94D;Oldenburg, Landkreis;918;188;85;1191;0.002;0.002;0.001;0.001;16;139;580;110;39;238;0.014;0.124;0.517;0.098;0.035;0.212
DE;3;DE94E;Osnabrück, Landkreis;2430;550;249;3229;0.004;0.004;0.003;0.003;61;301;1568;348;115;731;0.019;0.096;0.502;0.111;0.037;0.234
DE;3;DE94F;Vechta;886;240;109;1235;0.002;0.002;0.001;0.001;20;93;640;156;46;280;0.016;0.076;0.518;0.126;0.037;0.227
DE;3;DE94G;Wesermarsch;671;142;64;877;0.001;0.001;0.001;0.001;24;26;444;101;38;235;0.027;0.03;0.511;0.116;0.044;0.271
DE;3;DE94H;Wittmund;416;95;44;555;0.001;0.001;0.001;0.001;9;40;275;60;21;126;0.017;0.075;0.518;0.114;0.039;0.237
DE;1;DEA;NORDRHEIN-WESTFALEN;116263;34935;15820;167018;0.21;0.208;0.216;0.216;18397;7599;85690;18931;4729;32246;0.11;0.045;0.511;0.113;0.028;0.192
DE;2;DEA1;Düsseldorf;32422;10539;4757;47718;0.06;0.058;0.065;0.065;7021;1226;24997;5389;1214;8555;0.145;0.025;0.516;0.111;0.025;0.177
DE;3;DEA11;Düsseldorf, Kreisfreie Stadt;3692;2115;954;6761;0.009;0.007;0.013;0.013;1948;85;3699;989;72;510;0.267;0.012;0.507;0.135;0.01;0.07
DE;3;DEA12;Duisburg, Kreisfreie Stadt;2854;910;410;4174;0.005;0.005;0.006;0.006;1645;62;1895;197;62;402;0.386;0.014;0.445;0.046;0.015;0.094
DE;3;DEA13;Essen, Kreisfreie Stadt;3608;1292;585;5485;0.007;0.006;0.008;0.008;601;77;3063;731;135;1075;0.106;0.013;0.539;0.129;0.024;0.189
DE;3;DEA14;Krefeld, Kreisfreie Stadt;1409;413;185;2007;0.003;0.003;0.003;0.003;374;37;1071;199;47;311;0.183;0.018;0.526;0.098;0.023;0.153
DE;3;DEA15;Mönchengladbach, Kreisfreie Stadt;1654;484;218;2357;0.003;0.003;0.003;0.003;79;47;1265;302;78;576;0.034;0.02;0.539;0.129;0.033;0.245
DE;3;DEA16;Mülheim an der Ruhr,Kreisfreie Stadt;1081;349;157;1587;0.002;0.002;0.002;0.002;60;32;877;216;49;382;0.037;0.02;0.543;0.134;0.03;0.236
DE;3;DEA17;Oberhausen, Kreisfreie Stadt;1295;357;161;1813;0.002;0.002;0.002;0.002;213;31;954;191;48;355;0.119;0.017;0.532;0.107;0.027;0.198
DE;3;DEA18;Remscheid, Kreisfreie Stadt;737;202;92;1030;0.001;0.001;0.001;0.001;38;28;566;125;33;253;0.036;0.026;0.543;0.12;0.032;0.243
DE;3;DEA19;Solingen, Kreisfreie Stadt;1049;275;125;1450;0.002;0.002;0.002;0.002;50;38;774;169;47;354;0.035;0.026;0.541;0.118;0.033;0.247
DE;3;DEA1A;Wuppertal, Kreisfreie Stadt;2326;673;306;3305;0.004;0.004;0.004;0.004;569;60;1770;332;70;529;0.171;0.018;0.532;0.1;0.021;0.159
DE;3;DEA1B;Kleve;2029;504;228;2761;0.003;0.004;0.003;0.003;69;177;1355;322;103;650;0.026;0.066;0.506;0.12;0.038;0.243
DE;3;DEA1C;Mettmann;3035;905;407;4347;0.005;0.005;0.006;0.006;152;122;2362;564;142;1049;0.035;0.028;0.538;0.128;0.032;0.239
DE;3;DEA1D;Rhein-Kreis Neuss;2811;834;376;4022;0.005;0.005;0.005;0.005;327;112;2117;482;129;866;0.081;0.028;0.525;0.12;0.032;0.215
DE;3;DEA1E;Viersen;1960;487;220;2667;0.003;0.004;0.003;0.003;89;132;1352;302;95;626;0.034;0.051;0.521;0.116;0.037;0.241
DE;3;DEA1F;Wesel;2884;739;333;3955;0.005;0.005;0.005;0.005;808;188;1878;268;103;619;0.209;0.049;0.486;0.069;0.027;0.16
DE;2;DEA2;Köln;28601;9114;4131;41846;0.053;0.051;0.056;0.056;4144;1980;21941;5024;1154;7852;0.098;0.047;0.521;0.119;0.027;0.187
DE;3;DEA22;Bonn, Kreisfreie Stadt;1999;1099;498;3596;0.005;0.004;0.007;0.007;449;78;2007;639;81;602;0.116;0.02;0.521;0.166;0.021;0.156
DE;3;DEA23;Köln, Kreisfreie Stadt;6071;2661;1201;9933;0.013;0.011;0.016;0.016;1745;147;5538;1387;184;1412;0.168;0.014;0.532;0.133;0.018;0.136
DE;3;DEA24;Leverkusen, Kreisfreie Stadt;1049;312;142;1502;0.002;0.002;0.002;0.002;71;29;837;197;49;367;0.046;0.019;0.54;0.127;0.031;0.237
DE;3;DEA26;Düren;1772;428;194;2394;0.003;0.003;0.003;0.003;234;173;1201;203;72;442;0.101;0.074;0.517;0.087;0.031;0.19
DE;3;DEA27;Rhein-Erft-Kreis;2980;795;360;4135;0.005;0.005;0.005;0.005;424;159;2115;424;130;832;0.104;0.039;0.518;0.104;0.032;0.204
DE;3;DEA28;Euskirchen;1353;310;141;1804;0.002;0.002;0.002;0.002;34;277;857;175;53;342;0.02;0.159;0.493;0.101;0.031;0.197
DE;3;DEA29;Heinsberg;1669;385;175;2229;0.003;0.003;0.002;0.002;82;110;1092;238;84;525;0.038;0.052;0.513;0.112;0.04;0.246
DE;3;DEA2A;Oberbergischer Kreis;1951;484;221;2655;0.003;0.003;0.003;0.003;56;265;1358;291;86;574;0.021;0.101;0.516;0.111;0.033;0.218
DE;3;DEA2B;Rheinisch-Bergischer Kreis;1971;483;219;2673;0.003;0.004;0.003;0.003;64;159;1361;292;90;611;0.025;0.062;0.528;0.113;0.035;0.237
DE;3;DEA2C;Rhein-Sieg-Kreis;3961;1045;473;5479;0.007;0.007;0.006;0.006;152;362;2727;650;191;1260;0.028;0.068;0.511;0.122;0.036;0.236
DE;3;DEA2D;Städteregion Aachen;3826;1112;507;5445;0.007;0.007;0.007;0.007;834;222;2848;529;134;885;0.153;0.041;0.522;0.097;0.025;0.162
DE;2;DEA3;Münster;16687;4667;2115;23469;0.03;0.03;0.029;0.029;2283;1050;11801;2649;732;4739;0.098;0.045;0.508;0.114;0.031;0.204
DE;3;DEA31;Bottrop, Kreisfreie Stadt;716;186;84;986;0.001;0.001;0.001;0.001;31;32;511;111;32;235;0.033;0.034;0.537;0.117;0.034;0.247
DE;3;DEA32;Gelsenkirchen, Kreisfreie Stadt;1547;458;207;2212;0.003;0.003;0.003;0.003;739;29;1081;151;29;196;0.332;0.013;0.486;0.068;0.013;0.088
DE;3;DEA33;Münster, Kreisfreie Stadt;1919;853;388;3160;0.004;0.003;0.005;0.005;273;76;1762;500;85;612;0.083;0.023;0.533;0.151;0.026;0.185
DE;3;DEA34;Borken;2360;612;278;3250;0.004;0.004;0.004;0.004;57;192;1650;408;126;790;0.018;0.059;0.512;0.127;0.039;0.245
DE;3;DEA35;Coesfeld;1440;359;163;1963;0.002;0.003;0.002;0.002;48;136;988;221;70;440;0.025;0.072;0.519;0.116;0.037;0.231
DE;3;DEA36;Recklinghausen;3940;1005;453;5398;0.007;0.007;0.006;0.006;1014;215;2734;411;123;774;0.192;0.041;0.519;0.078;0.023;0.147
DE;3;DEA37;Steinfurt;2912;743;338;3993;0.005;0.005;0.005;0.005;69;233;1785;555;174;1093;0.018;0.06;0.457;0.142;0.045;0.28
DE;3;DEA38;Warendorf;1852;451;205;2508;0.003;0.003;0.003;0.003;52;137;1291;291;94;600;0.021;0.056;0.524;0.118;0.038;0.243
DE;2;DEA4;Detmold;13978;3845;1745;19567;0.025;0.025;0.024;0.024;776;1205;9652;2476;709;4674;0.04;0.062;0.495;0.127;0.036;0.24
DE;3;DEA41;Bielefeld, Kreisfreie Stadt;2128;694;315;3137;0.004;0.004;0.004;0.004;207;77;1700;407;93;687;0.065;0.024;0.536;0.128;0.029;0.217
DE;3;DEA42;Gütersloh;2296;676;307;3279;0.004;0.004;0.004;0.004;72;151;1753;448;123;798;0.022;0.045;0.524;0.134;0.037;0.239
DE;3;DEA43;Herford;1778;438;199;2415;0.003;0.003;0.003;0.003;52;76;1248;294;95;616;0.022;0.032;0.524;0.123;0.04;0.259
DE;3;DEA44;Höxter;1080;255;116;1452;0.002;0.002;0.002;0.002;28;210;344;247;79;496;0.02;0.15;0.245;0.176;0.056;0.353
DE;3;DEA45;Lippe;2503;616;280;3398;0.004;0.004;0.004;0.004;176;284;1661;357;113;732;0.053;0.085;0.5;0.108;0.034;0.22
DE;3;DEA46;Minden-Lübbecke;2228;614;279;3121;0.004;0.004;0.004;0.004;174;161;1534;390;118;743;0.056;0.052;0.492;0.125;0.038;0.238
DE;3;DEA47;Paderborn;1964;551;250;2766;0.003;0.004;0.003;0.003;67;246;1412;333;89;601;0.024;0.089;0.514;0.121;0.032;0.219
DE;2;DEA5;Arnsberg;24575;6770;3073;34417;0.043;0.044;0.042;0.042;4173;2138;17300;3392;920;6426;0.121;0.062;0.504;0.099;0.027;0.187
DE;3;DEA51;Bochum, Kreisfreie Stadt;2357;761;344;3462;0.004;0.004;0.005;0.005;374;48;1872;419;87;678;0.107;0.014;0.538;0.12;0.025;0.195
DE;3;DEA52;Dortmund, Kreisfreie Stadt;3672;1232;558;5462;0.007;0.007;0.008;0.008;1111;86;2920;581;103;727;0.201;0.016;0.528;0.105;0.019;0.131
DE;3;DEA53;Hagen, Kreisfreie Stadt;1249;380;173;1802;0.002;0.002;0.002;0.002;151;52;986;210;47;376;0.083;0.029;0.541;0.115;0.026;0.206
DE;3;DEA54;Hamm, Kreisfreie Stadt;1142;321;146;1609;0.002;0.002;0.002;0.002;90;39;846;193;53;372;0.056;0.024;0.531;0.121;0.033;0.233
DE;3;DEA55;Herne, Kreisfreie Stadt;966;266;120;1353;0.002;0.002;0.002;0.002;684;13;471;35;16;106;0.516;0.01;0.355;0.026;0.012;0.08
DE;3;DEA56;Ennepe-Ruhr-Kreis;2258;569;259;3086;0.004;0.004;0.004;0.004;131;111;1646;339;97;727;0.043;0.036;0.54;0.111;0.032;0.238
DE;3;DEA57;Hochsauerlandkreis;2085;507;232;2824;0.004;0.004;0.003;0.003;58;493;1217;324;91;614;0.021;0.176;0.435;0.116;0.033;0.219
DE;3;DEA58;Märkischer Kreis;2926;726;330;3982;0.005;0.005;0.004;0.004;149;312;2118;414;121;872;0.037;0.078;0.531;0.104;0.03;0.219
DE;3;DEA59;Olpe;1038;238;109;1386;0.002;0.002;0.001;0.001;45;227;683;130;40;256;0.033;0.165;0.495;0.094;0.029;0.185
DE;3;DEA5A;Siegen-Wittgenstein;2168;549;251;2967;0.004;0.004;0.003;0.003;120;426;1515;292;81;546;0.04;0.143;0.508;0.098;0.027;0.183
DE;3;DEA5B;Soest;2104;534;243;2880;0.004;0.004;0.003;0.003;63;222;1471;337;101;661;0.022;0.078;0.515;0.118;0.036;0.232
DE;3;DEA5C;Unna;2609;686;310;3605;0.005;0.005;0.004;0.004;1198;108;1555;118;81;491;0.337;0.03;0.438;0.033;0.023;0.138
DE;1;DEB;RHEINLAND-PFALZ;29053;7179;3244;39476;0.05;0.052;0.044;0.044;2107;4859;16426;4672;1400;9210;0.054;0.126;0.425;0.121;0.036;0.238
DE;2;DEB1;Koblenz;11108;2707;1230;15045;0.019;0.02;0.017;0.017;463;2153;5807;1958;579;3757;0.031;0.146;0.395;0.133;0.039;0.255
DE;3;DEB11;Koblenz, Kreisfreie Stadt;746;328;149;1223;0.002;0.001;0.002;0.002;86;39;481;274;48;360;0.067;0.03;0.373;0.213;0.037;0.28
DE;3;DEB12;Ahrweiler;970;220;100;1290;0.002;0.002;0.001;0.001;25;221;582;124;37;246;0.02;0.179;0.472;0.1;0.03;0.199
DE;3;DEB13;Altenkirchen (Westerwald);972;208;94;1274;0.002;0.002;0.001;0.001;18;209;606;118;38;239;0.015;0.17;0.493;0.096;0.031;0.194
DE;3;DEB14;Bad Kreuznach;1164;280;127;1571;0.002;0.002;0.002;0.002;36;210;295;295;93;604;0.024;0.137;0.192;0.193;0.061;0.394
DE;3;DEB15;Birkenfeld;660;145;66;872;0.001;0.001;0.001;0.001;30;195;415;65;19;121;0.035;0.231;0.492;0.076;0.022;0.143
DE;3;DEB16;Cochem-Zell;500;115;52;667;0.001;0.001;0.001;0.001;10;172;238;74;20;129;0.015;0.267;0.371;0.115;0.032;0.201
DE;3;DEB17;Mayen-Koblenz;1505;342;155;2002;0.003;0.003;0.002;0.002;128;202;585;290;101;643;0.066;0.104;0.3;0.149;0.052;0.33
DE;3;DEB18;Neuwied;1324;305;139;1768;0.002;0.002;0.002;0.002;56;202;878;174;56;360;0.033;0.117;0.509;0.101;0.032;0.209
DE;3;DEB19;Rhein-Hunsrück-Kreis;773;183;83;1039;0.001;0.001;0.001;0.001;18;219;227;173;52;330;0.018;0.215;0.223;0.169;0.051;0.324
DE;3;DEB1A;Rhein-Lahn-Kreis;939;205;93;1237;0.002;0.002;0.001;0.001;23;202;547;122;38;255;0.02;0.17;0.46;0.103;0.032;0.215
DE;3;DEB1B;Westerwaldkreis;1555;375;171;2101;0.003;0.003;0.002;0.002;32;282;953;249;76;470;0.016;0.137;0.462;0.121;0.037;0.228
DE;2;DEB2;Trier;3929;905;412;5246;0.007;0.007;0.006;0.006;108;1041;1675;703;205;1363;0.021;0.204;0.329;0.138;0.04;0.267
DE;3;DEB21;Trier, Kreisfreie Stadt;729;241;110;1080;0.001;0.001;0.001;0.001;43;42;338;227;52;399;0.039;0.038;0.307;0.206;0.048;0.362
DE;3;DEB22;Bernkastel-Wittlich;852;183;83;1118;0.001;0.002;0.001;0.001;18;278;482;100;29;183;0.017;0.255;0.442;0.092;0.026;0.168
DE;3;DEB23;Eifelkreis Bitburg-Prüm;766;162;74;1003;0.001;0.001;0.001;0.001;16;264;140;164;54;334;0.016;0.272;0.144;0.169;0.055;0.344
DE;3;DEB24;Vulkaneifel;509;110;50;669;0.001;0.001;0.001;0.001;9;185;321;48;12;76;0.014;0.285;0.494;0.073;0.018;0.116
DE;3;DEB25;Trier-Saarburg;1073;209;95;1376;0.002;0.002;0.001;0.001;21;271;394;165;58;371;0.017;0.212;0.308;0.129;0.046;0.29
DE;2;DEB3;Rheinhessen-Pfalz;14016;3568;1601;19185;0.024;0.025;0.022;0.022;1536;1665;8943;2010;617;4091;0.081;0.088;0.474;0.107;0.033;0.217
DE;3;DEB31;Frankenthal (Pfalz), Kreisfreie Stadt;295;78;35;408;0.001;0.001;0;0;14;6;220;50;14;104;0.035;0.014;0.541;0.122;0.034;0.254
DE;3;DEB32;Kaiserslautern, Kreisfreie Stadt;691;222;100;1013;0.001;0.001;0.001;0.001;76;56;549;122;27;202;0.073;0.054;0.532;0.118;0.027;0.195
DE;3;DEB33;Landau in der Pfalz, Kreisfreie Stadt;298;97;43;438;0.001;0.001;0.001;0.001;25;23;202;67;16;111;0.056;0.052;0.456;0.151;0.036;0.249
DE;3;DEB34;Ludwigshafen am Rhein, Kreisfreie Stadt;978;304;136;1418;0.002;0.002;0.002;0.002;157;23;818;183;42;309;0.102;0.015;0.534;0.12;0.027;0.202
DE;3;DEB35;Mainz, Kreisfreie Stadt;1263;550;247;2060;0.003;0.002;0.003;0.003;949;27;882;89;28;181;0.44;0.013;0.409;0.041;0.013;0.084
DE;3;DEB36;Neustadt an der Weinstraße, Kreisfreie Stadt;384;102;46;533;0.001;0.001;0.001;0.001;14;37;252;67;19;131;0.027;0.072;0.484;0.129;0.036;0.252
DE;3;DEB37;Pirmasens, Kreisfreie Stadt;303;85;38;427;0.001;0.001;0.001;0.001;45;22;227;44;12;80;0.105;0.052;0.528;0.103;0.027;0.186
DE;3;DEB38;Speyer, Kreisfreie Stadt;321;108;48;477;0.001;0.001;0.001;0.001;16;14;255;70;16;118;0.034;0.03;0.52;0.143;0.032;0.241
DE;3;DEB39;Worms, Kreisfreie Stadt;526;141;63;730;0.001;0.001;0.001;0.001;36;15;389;88;25;177;0.049;0.02;0.533;0.12;0.034;0.243
DE;3;DEB3A;Zweibrücken, Kreisfreie Stadt;259;68;31;358;0;0;0;0;9;18;191;44;13;86;0.024;0.049;0.529;0.123;0.036;0.24
DE;3;DEB3B;Alzey-Worms;876;198;89;1163;0.001;0.002;0.001;0.001;17;50;406;180;64;391;0.016;0.045;0.367;0.162;0.058;0.353
DE;3;DEB3C;Bad Dürkheim;985;205;92;1282;0.002;0.002;0.001;0.001;21;187;603;114;38;246;0.018;0.155;0.499;0.094;0.031;0.203
DE;3;DEB3D;Donnersbergkreis;568;116;53;737;0.001;0.001;0.001;0.001;11;119;336;70;24;148;0.015;0.169;0.475;0.099;0.033;0.209
DE;3;DEB3E;Germersheim;835;183;82;1099;0.001;0.001;0.001;0.001;28;127;569;104;34;224;0.026;0.117;0.523;0.096;0.032;0.206
DE;3;DEB3F;Kaiserslautern, Landkreis;817;164;74;1055;0.001;0.001;0.001;0.001;15;186;505;83;27;175;0.015;0.187;0.509;0.084;0.028;0.176
DE;3;DEB3G;Kusel;605;111;51;767;0.001;0.001;0.001;0.001;9;120;349;63;23;142;0.012;0.17;0.495;0.089;0.033;0.201
DE;3;DEB3H;Südliche Weinstraße;780;165;74;1018;0.001;0.001;0.001;0.001;16;168;468;93;30;192;0.017;0.173;0.484;0.096;0.031;0.199
DE;3;DEB3I;Rhein-Pfalz-Kreis;1042;210;94;1346;0.002;0.002;0.001;0.001;24;74;636;136;51;327;0.019;0.06;0.509;0.109;0.041;0.262
DE;3;DEB3J;Mainz-Bingen;1417;320;144;1881;0.002;0.003;0.002;0.002;42;111;635;294;100;658;0.023;0.06;0.345;0.16;0.054;0.358
DE;3;DEB3K;Südwestpfalz;771;140;63;975;0.001;0.001;0.001;0.001;12;281;450;49;14;89;0.013;0.314;0.503;0.055;0.015;0.099
DE;1;DEC;SAARLAND;7753;1886;854;10493;0.013;0.014;0.012;0.012;1663;881;4583;791;342;2091;0.161;0.085;0.443;0.076;0.033;0.202
DE;2;DEC0;Saarland;7753;1886;854;10493;0.013;0.014;0.012;0.012;1663;881;4583;791;342;2091;0.161;0.085;0.443;0.076;0.033;0.202
DE;3;DEC01;Regionalverband Saarbrücken;2407;731;330;3469;0.004;0.004;0.005;0.005;1224;185;1392;134;85;511;0.347;0.052;0.394;0.038;0.024;0.145
DE;3;DEC02;Merzig-Wadern;829;181;82;1092;0.001;0.001;0.001;0.001;15;164;482;114;37;229;0.015;0.157;0.463;0.11;0.036;0.22
DE;3;DEC03;Neunkirchen;1066;224;101;1391;0.002;0.002;0.001;0.001;38;97;694;138;50;318;0.028;0.073;0.52;0.103;0.038;0.238
DE;3;DEC04;Saarlouis;1539;332;150;2021;0.003;0.003;0.002;0.002;35;156;1002;220;77;483;0.018;0.079;0.508;0.111;0.039;0.245
DE;3;DEC05;Saarpfalz-Kreis;1151;266;121;1538;0.002;0.002;0.002;0.002;340;142;684;56;45;264;0.222;0.093;0.446;0.037;0.029;0.172
DE;3;DEC06;St. Wendel;762;151;69;982;0.001;0.001;0.001;0.001;12;137;328;128;47;286;0.013;0.146;0.35;0.137;0.05;0.305
DE;1;DED;SACHSEN;28573;7539;3394;39506;0.05;0.051;0.047;0.046;3871;2662;19148;4078;1106;8181;0.099;0.068;0.49;0.104;0.028;0.21
DE;2;DED2;Dresden;10701;2844;1278;14824;0.019;0.019;0.018;0.017;1235;1188;7559;1467;374;2804;0.084;0.081;0.517;0.1;0.026;0.192
DE;3;DED21;Dresden, Kreisfreie Stadt;3282;1097;492;4871;0.006;0.006;0.007;0.007;761;74;2602;566;100;830;0.154;0.015;0.527;0.115;0.02;0.168
DE;3;DED2C;Bautzen;2105;508;228;2841;0.004;0.004;0.003;0.003;72;392;1414;264;77;547;0.026;0.142;0.511;0.095;0.028;0.198
DE;3;DED2D;Görlitz;1921;440;198;2558;0.003;0.003;0.003;0.003;125;314;1228;233;73;528;0.05;0.126;0.491;0.093;0.029;0.211
DE;3;DED2E;Meißen;1679;401;181;2261;0.003;0.003;0.002;0.002;113;137;1183;221;68;494;0.051;0.062;0.534;0.1;0.031;0.223
DE;3;DED2F;Sächsische Schweiz-Osterzgebirge;1714;399;180;2293;0.003;0.003;0.002;0.002;165;271;1131;183;57;405;0.074;0.123;0.512;0.083;0.026;0.183
DE;2;DED4;Chemnitz;11051;2779;1257;15087;0.019;0.02;0.017;0.017;1312;1049;6748;1697;497;3566;0.088;0.071;0.454;0.114;0.033;0.24
DE;3;DED41;Chemnitz, Kreisfreie Stadt;1676;526;237;2438;0.003;0.003;0.003;0.003;764;37;1254;193;28;196;0.309;0.015;0.507;0.078;0.011;0.079
DE;3;DED42;Erzgebirgskreis;2666;618;280;3564;0.004;0.005;0.004;0.004;134;395;1493;398;126;911;0.039;0.114;0.432;0.115;0.036;0.264
DE;3;DED43;Mittelsachsen;2350;580;262;3192;0.004;0.004;0.004;0.004;105;218;1679;332;101;711;0.033;0.069;0.534;0.106;0.032;0.226
DE;3;DED44;Vogtlandkreis;1876;438;199;2513;0.003;0.003;0.003;0.003;160;262;528;411;133;958;0.065;0.107;0.215;0.168;0.054;0.391
DE;3;DED45;Zwickau;2482;618;280;3379;0.004;0.004;0.004;0.004;149;138;1795;364;109;789;0.045;0.041;0.537;0.109;0.033;0.236
DE;2;DED5;Leipzig;6820;1916;859;9595;0.012;0.012;0.012;0.012;1324;424;4841;913;236;1811;0.139;0.044;0.507;0.096;0.025;0.19
DE;3;DED51;Leipzig, Kreisfreie Stadt;3552;1153;517;5222;0.007;0.006;0.007;0.007;400;53;2914;658;132;1133;0.076;0.01;0.551;0.124;0.025;0.214
DE;3;DED52;Leipzig;1857;419;188;2465;0.003;0.003;0.003;0.003;864;156;961;71;49;293;0.361;0.065;0.401;0.029;0.02;0.123
DE;3;DED53;Nordsachsen;1411;344;154;1909;0.002;0.003;0.002;0.002;60;215;967;185;55;384;0.032;0.115;0.518;0.099;0.029;0.206
DE;1;DEE;SACHSEN-ANHALT;16698;4065;1828;22591;0.028;0.03;0.025;0.025;2566;2274;10450;2001;614;4182;0.116;0.103;0.473;0.091;0.028;0.189
DE;2;DEE0;Sachsen-Anhalt;16698;4065;1828;22591;0.028;0.03;0.025;0.025;2566;2274;10450;2001;614;4182;0.116;0.103;0.473;0.091;0.028;0.189
DE;3;DEE01;Dessau-Roßlau, Kreisfreie Stadt;614;164;74;851;0.001;0.001;0.001;0.001;140;50;446;69;18;122;0.166;0.059;0.528;0.082;0.021;0.144
DE;3;DEE02;Halle (Saale), Kreisfreie Stadt;1547;484;217;2247;0.003;0.003;0.003;0.003;427;28;1204;229;40;315;0.19;0.012;0.537;0.102;0.018;0.141
DE;3;DEE03;Magdeburg, Kreisfreie Stadt;1585;511;230;2326;0.003;0.003;0.003;0.003;324;31;1250;272;54;417;0.138;0.013;0.532;0.116;0.023;0.178
DE;3;DEE04;Altmarkkreis Salzwedel;677;149;67;892;0.001;0.001;0.001;0.001;45;237;428;48;13;88;0.052;0.276;0.498;0.056;0.015;0.103
DE;3;DEE05;Anhalt-Bitterfeld;1264;291;131;1687;0.002;0.002;0.002;0.002;140;162;849;137;45;304;0.086;0.099;0.519;0.084;0.028;0.185
DE;3;DEE06;Jerichower Land;701;159;71;930;0.001;0.001;0.001;0.001;19;202;389;88;26;176;0.021;0.224;0.433;0.098;0.028;0.195
DE;3;DEE07;Börde;1314;290;131;1734;0.002;0.002;0.002;0.002;189;240;848;112;42;260;0.112;0.142;0.502;0.066;0.025;0.154
DE;3;DEE08;Burgenlandkreis;1377;312;140;1829;0.002;0.002;0.002;0.002;238;118;918;138;50;312;0.134;0.066;0.518;0.078;0.028;0.176
DE;3;DEE09;Harz;1679;375;169;2223;0.003;0.003;0.002;0.002;117;326;462;338;112;788;0.054;0.152;0.216;0.157;0.052;0.368
DE;3;DEE0A;Mansfeld-Südharz;1141;248;113;1502;0.002;0.002;0.002;0.002;51;208;642;150;51;332;0.035;0.145;0.448;0.104;0.035;0.232
DE;3;DEE0B;Saalekreis;1385;322;144;1852;0.002;0.002;0.002;0.002;575;89;785;62;48;283;0.312;0.049;0.426;0.034;0.026;0.154
DE;3;DEE0C;Salzlandkreis;1508;337;152;1997;0.003;0.003;0.002;0.002;190;78;975;189;67;439;0.098;0.04;0.503;0.097;0.035;0.227
DE;3;DEE0D;Stendal;894;204;92;1191;0.002;0.002;0.001;0.001;42;210;595;91;27;184;0.037;0.183;0.519;0.079;0.023;0.16
DE;3;DEE0E;Wittenberg;1012;219;98;1329;0.002;0.002;0.001;0.001;70;296;659;78;23;162;0.055;0.23;0.511;0.061;0.018;0.126
DE;1;DEF;SCHLESWIG-HOLSTEIN;19944;5293;2421;27658;0.035;0.036;0.033;0.033;3087;1556;10139;3760;1168;7460;0.114;0.057;0.373;0.138;0.043;0.275
DE;2;DEF0;Schleswig-Holstein;19944;5293;2421;27658;0.035;0.036;0.033;0.033;3087;1556;10139;3760;1168;7460;0.114;0.057;0.373;0.138;0.043;0.275
DE;3;DEF01;Flensburg, Kreisfreie Stadt;599;196;90;885;0.001;0.001;0.001;0.001;188;16;468;93;19;120;0.208;0.017;0.518;0.103;0.021;0.133
DE;3;DEF02;Kiel, Kreisfreie Stadt;1576;591;270;2437;0.003;0.003;0.004;0.004;1289;36;300;401;67;419;0.513;0.014;0.119;0.16;0.027;0.167
DE;3;DEF03;Lübeck, Kreisfreie Stadt;1401;449;205;2054;0.003;0.003;0.003;0.003;115;55;1121;269;64;464;0.055;0.026;0.537;0.129;0.031;0.222
DE;3;DEF04;Neumünster, Kreisfreie Stadt;529;167;76;772;0.001;0.001;0.001;0.001;82;16;412;93;24;155;0.105;0.021;0.526;0.119;0.03;0.198
DE;3;DEF05;Dithmarschen;1038;230;105;1373;0.002;0.002;0.001;0.001;339;74;242;117;83;483;0.253;0.055;0.181;0.087;0.062;0.361
DE;3;DEF06;Herzogtum Lauenburg;1318;305;139;1763;0.002;0.002;0.002;0.002;54;209;779;187;60;390;0.032;0.125;0.464;0.111;0.036;0.232
DE;3;DEF07;Nordfriesland;1237;319;147;1703;0.002;0.002;0.002;0.002;48;94;327;368;117;733;0.028;0.056;0.194;0.218;0.07;0.435
DE;3;DEF08;Ostholstein;1442;347;159;1948;0.002;0.003;0.002;0.002;51;125;544;333;108;714;0.027;0.067;0.29;0.178;0.058;0.381
DE;3;DEF09;Pinneberg;2051;520;238;2809;0.004;0.004;0.003;0.003;624;92;1272;189;82;489;0.227;0.034;0.463;0.069;0.03;0.178
DE;3;DEF0A;Plön;926;200;92;1219;0.002;0.002;0.001;0.001;32;96;220;220;79;504;0.027;0.084;0.192;0.191;0.068;0.438
DE;3;DEF0B;Rendsburg-Eckernförde;1962;503;230;2696;0.003;0.004;0.003;0.003;70;214;1082;385;118;754;0.027;0.082;0.412;0.147;0.045;0.287
DE;3;DEF0C;Schleswig-Flensburg;1475;336;155;1966;0.002;0.003;0.002;0.002;48;132;828;248;86;535;0.026;0.07;0.441;0.132;0.046;0.285
DE;3;DEF0D;Segeberg;1811;466;212;2489;0.003;0.003;0.003;0.003;67;185;807;414;126;828;0.028;0.076;0.333;0.17;0.052;0.341
DE;3;DEF0E;Steinburg;967;235;107;1309;0.002;0.002;0.001;0.001;25;89;619;166;54;337;0.019;0.069;0.48;0.129;0.042;0.262
DE;3;DEF0F;Stormarn;1612;428;195;2235;0.003;0.003;0.003;0.003;56;123;1119;277;83;536;0.026;0.056;0.51;0.126;0.038;0.244
DE;1;DEG;THÜRINGEN;15361;3739;1694;20794;0.026;0.028;0.023;0.023;1647;2607;7898;2415;731;5015;0.081;0.128;0.389;0.119;0.036;0.247
DE;2;DEG0;Thüringen;15361;3739;1694;20794;0.026;0.028;0.023;0.023;1647;2607;7898;2415;731;5015;0.081;0.128;0.389;0.119;0.036;0.247
DE;3;DEG01;Erfurt, Kreisfreie Stadt;1323;438;198;1958;0.002;0.002;0.003;0.003;203;33;852;308;65;516;0.103;0.017;0.431;0.156;0.033;0.261
DE;3;DEG02;Gera, Kreisfreie Stadt;639;180;81;900;0.001;0.001;0.001;0.001;145;20;471;88;19;147;0.162;0.023;0.529;0.098;0.022;0.166
DE;3;DEG03;Jena, Kreisfreie Stadt;666;226;102;994;0.001;0.001;0.001;0.001;190;29;534;108;19;139;0.186;0.028;0.525;0.106;0.019;0.136
DE;3;DEG04;Suhl, Kreisfreie Stadt;256;75;34;365;0;0;0;0;88;33;36;68;18;121;0.242;0.091;0.098;0.187;0.049;0.333
DE;3;DEG05;Weimar, Kreisfreie Stadt;423;125;57;605;0.001;0.001;0.001;0.001;35;16;281;84;21;162;0.059;0.027;0.47;0.141;0.035;0.27
DE;3;DEG06;Eichsfeld;693;158;72;923;0.001;0.001;0.001;0.001;23;154;90;179;60;384;0.026;0.173;0.101;0.202;0.068;0.431
DE;3;DEG07;Nordhausen;642;148;68;858;0.001;0.001;0.001;0.001;51;108;97;159;52;362;0.061;0.13;0.118;0.192;0.063;0.436
DE;3;DEG09;Unstrut-Hainich-Kreis;739;170;77;987;0.001;0.001;0.001;0.001;402;103;226;33;27;158;0.424;0.109;0.238;0.034;0.028;0.167
DE;3;DEG0A;Kyffhäuserkreis;569;121;55;744;0.001;0.001;0.001;0.001;23;125;272;81;28;179;0.032;0.177;0.384;0.114;0.039;0.254
DE;3;DEG0B;Schmalkalden-Meiningen;933;209;95;1237;0.002;0.002;0.001;0.001;56;270;236;185;61;395;0.047;0.225;0.196;0.154;0.051;0.328
DE;3;DEG0C;Gotha;974;225;102;1301;0.002;0.002;0.001;0.001;72;152;660;111;36;237;0.056;0.12;0.521;0.088;0.028;0.187
DE;3;DEG0D;Sömmerda;496;105;47;648;0.001;0.001;0.001;0.001;18;53;313;64;23;149;0.029;0.085;0.505;0.104;0.037;0.24
DE;3;DEG0E;Hildburghausen;473;103;47;623;0.001;0.001;0.001;0.001;11;180;156;77;23;150;0.018;0.302;0.261;0.128;0.039;0.252
DE;3;DEG0F;Ilm-Kreis;813;190;86;1089;0.001;0.001;0.001;0.001;52;169;478;108;33;228;0.049;0.158;0.448;0.101;0.031;0.213
DE;3;DEG0G;Weimarer Land;592;129;58;779;0.001;0.001;0.001;0.001;16;83;377;76;25;169;0.022;0.111;0.505;0.101;0.034;0.227
DE;3;DEG0H;Sonneberg;449;96;44;589;0.001;0.001;0.001;0.001;15;116;138;85;28;195;0.026;0.201;0.24;0.147;0.049;0.338
DE;3;DEG0I;Saalfeld-Rudolstadt;820;184;84;1088;0.001;0.001;0.001;0.001;29;218;361;127;39;284;0.027;0.206;0.341;0.12;0.037;0.268
DE;3;DEG0J;Saale-Holzland-Kreis;593;134;61;788;0.001;0.001;0.001;0.001;47;138;366;61;19;129;0.062;0.182;0.481;0.08;0.025;0.17
DE;3;DEG0K;Saale-Orla-Kreis;639;141;64;844;0.001;0.001;0.001;0.001;17;189;343;82;25;168;0.021;0.229;0.417;0.1;0.03;0.204
DE;3;DEG0L;Greiz;756;160;72;987;0.001;0.001;0.001;0.001;35;113;404;105;37;251;0.037;0.119;0.428;0.111;0.039;0.265
DE;3;DEG0M;Altenburger Land;669;149;67;885;0.001;0.001;0.001;0.001;60;44;455;80;27;188;0.07;0.051;0.533;0.094;0.031;0.22
DE;3;DEG0N;Eisenach, Kreisfreie Stadt;298;80;36;414;0.001;0.001;0;0;15;22;227;46;12;94;0.037;0.052;0.545;0.11;0.03;0.226
DE;3;DEG0P;Wartburgkreis;906;193;88;1187;0.001;0.002;0.001;0.001;45;239;523;100;33;212;0.039;0.208;0.454;0.087;0.029;0.184
DE;1;DEZ;EXTRA-REGIO NUTS 1;;;;;;;;;;;;;;;;;;;;
DE;2;DEZZ;Extra-Regio NUTS 2;;;;;;;;;;;;;;;;;;;;
DE;3;DEZZZ;Extra-Regio NUTS 3;;;;;;;;;;;;;;;;;;;;
EE;0;EE;EESTI;10130;2031;1110;13271;1;1;1;1;5827;3812;1012;808;1486;326;0.439;0.287;0.076;0.061;0.112;0.025
EE;1;EE0;EESTI;10130;2031;1110;13271;1;1;1;1;5827;3812;1012;808;1486;326;0.439;0.287;0.076;0.061;0.112;0.025
EE;2;EE00;Eesti;10130;2031;1110;13271;1;1;1;1;5827;3812;1012;808;1486;326;0.439;0.287;0.076;0.061;0.112;0.025
EE;3;EE001;Põhja-Eesti;3841;1277;679;5797;0.437;0.379;0.629;0.612;3126;967;595;437;729;175;0.519;0.16;0.099;0.073;0.121;0.029
EE;3;EE004;Lääne-Eesti;1333;149;74;1557;0.117;0.132;0.074;0.067;618;737;69;23;40;10;0.413;0.492;0.046;0.015;0.027;0.006
EE;3;EE006;Kesk-Eesti;1181;119;63;1363;0.103;0.117;0.059;0.056;179;651;83;118;229;47;0.137;0.498;0.064;0.09;0.175;0.036
EE;3;EE007;Kirde-Eesti;964;135;75;1174;0.088;0.095;0.067;0.067;840;230;58;10;22;4;0.721;0.198;0.05;0.009;0.019;0.004
EE;3;EE008;Lõuna-Eesti;2810;350;219;3379;0.255;0.277;0.173;0.197;1064;1226;206;220;467;89;0.325;0.375;0.063;0.067;0.143;0.027
EE;1;EEZ;EXTRA-REGIO NUTS 1;;;;;;;;;;;;;;;;;;;;
EE;2;EEZZ;Extra-Regio NUTS 2;;;;;;;;;;;;;;;;;;;;
EE;3;EEZZZ;Extra-Regio NUTS 3;;;;;;;;;;;;;;;;;;;;
IE;0;IE;IRELAND;25138;6836;2853;34827;1;1;1;1;0;491;11121;4497;2694;16024;0;0.014;0.319;0.129;0.077;0.46
IE;1;IE0;IRELAND;25138;6836;2853;34827;1;1;1;1;0;491;11121;4497;2694;16024;0;0.014;0.319;0.129;0.077;0.46
IE;2;IE01;Border, Midland and Western;7128;1170;596;8894;0.255;0.284;0.171;0.209;0;181;2004;928;727;4724;0;0.021;0.234;0.108;0.085;0.552
IE;3;IE011;Border;3080;458;238;3777;0.108;0.123;0.067;0.083;0;70;615;426;329;2156;0;0.02;0.171;0.118;0.091;0.6
IE;3;IE012;Midland;1524;270;132;1926;0.055;0.061;0.039;0.046;0;40;474;194;149;968;0;0.022;0.26;0.106;0.082;0.531
IE;3;IE013;West;2523;442;226;3192;0.092;0.1;0.065;0.079;0;71;915;309;249;1600;0;0.022;0.291;0.098;0.079;0.509
IE;2;IE02;Southern and Eastern;18010;5666;2256;25933;0.745;0.716;0.829;0.791;0;310;9116;3569;1968;11299;0;0.012;0.347;0.136;0.075;0.43
IE;3;IE021;Dublin;6787;3322;1200;11309;0.325;0.27;0.486;0.421;0;51;4694;2016;855;4158;0;0.004;0.399;0.171;0.073;0.353
IE;3;IE022;Mid-East;2676;585;249;3510;0.101;0.106;0.086;0.087;0;51;1201;323;250;1578;0;0.015;0.353;0.095;0.073;0.464
IE;3;IE023;Mid-West;2045;438;193;2676;0.077;0.081;0.064;0.067;0;56;816;278;199;1278;0;0.021;0.311;0.106;0.076;0.487
IE;3;IE024;South-East (IE);2746;496;231;3474;0.1;0.109;0.073;0.081;0;67;928;345;269;1756;0;0.02;0.276;0.103;0.08;0.522
IE;3;IE025;South-West (IE);3755;824;384;4963;0.143;0.149;0.121;0.135;0;85;1476;608;395;2529;0;0.017;0.29;0.119;0.078;0.497
IE;1;IEZ;EXTRA-REGIO NUTS 1;;;;;;;;;;;;;;;;;;;;
IE;2;IEZZ;Extra-Regio NUTS 2;;;;;;;;;;;;;;;;;;;;
IE;3;IEZZZ;Extra-Regio NUTS 3;;;;;;;;;;;;;;;;;;;;
EL;0;EL;?????? (ELLADA);51157;8199;1248;60604;1;1;1;1;414;6498;5097;5077;4326;39191;0.007;0.107;0.084;0.084;0.071;0.647
EL;1;EL3;ATTIK? (ATTIKI);15233;2424;325;17982;0.297;0.298;0.296;0.261;151;569;2028;1390;1026;12393;0.009;0.032;0.116;0.079;0.058;0.706
EL;2;EL30;A????? (Attiki);15233;2424;325;17982;0.297;0.298;0.296;0.261;151;569;2028;1390;1026;12393;0.009;0.032;0.116;0.079;0.058;0.706
EL;3;EL301;??????? ?????? ?????? (Voreios Tomeas Athinon);2486;379;52;2917;0.048;0.049;0.046;0.042;20;69;335;228;170;2025;0.007;0.024;0.118;0.08;0.06;0.711
EL;3;EL302;??????? ?????? ?????? (Dytikos Tomeas Athinon);2162;294;44;2500;0.041;0.042;0.036;0.035;16;59;283;196;147;1739;0.007;0.024;0.116;0.08;0.06;0.713
EL;3;EL303;????????? ?????? ?????? (Kentrikos Tomeas Athinon);3859;640;84;4582;0.076;0.075;0.078;0.067;28;109;510;363;273;3190;0.006;0.024;0.114;0.081;0.061;0.713
EL;3;EL304;?????? ?????? ?????? (Notios Tomeas Athinon);2110;350;46;2505;0.041;0.041;0.043;0.037;16;56;285;196;145;1748;0.006;0.023;0.116;0.08;0.059;0.715
EL;3;EL305;????????? ?????? (Anatoliki Attiki);2132;354;46;2532;0.042;0.042;0.043;0.037;16;117;281;191;138;1729;0.006;0.047;0.114;0.077;0.056;0.699
EL;3;EL306;?????? ?????? (Dytiki Attiki);777;103;15;895;0.015;0.015;0.013;0.012;26;73;102;61;42;569;0.03;0.084;0.117;0.069;0.048;0.652
EL;3;EL307;????????, ????? (Peiraias, Nisoi);1707;305;39;2051;0.034;0.033;0.037;0.031;29;84;232;154;111;1392;0.015;0.042;0.116;0.077;0.055;0.695
EL;1;EL4;N???? ???????, K???? (NISIA AIGAIOU, KRITI);5116;1315;143;6574;0.108;0.1;0.16;0.114;21;409;126;665;566;4884;0.003;0.061;0.019;0.1;0.085;0.732
EL;2;EL41;?????? ?????? (Voreio Aigaio);1069;185;29;1282;0.021;0.021;0.023;0.023;3;138;23;126;113;879;0.003;0.107;0.018;0.098;0.088;0.686
EL;3;EL411;??????, ?????? (Lesvos, Limnos);539;90;15;644;0.011;0.011;0.011;0.012;2;79;11;62;55;434;0.003;0.123;0.018;0.096;0.086;0.674
EL;3;EL412;??????, ????? (Ikaria, Samos);227;45;6;277;0.005;0.004;0.005;0.005;1;37;5;26;23;185;0.003;0.135;0.018;0.093;0.081;0.67
EL;3;EL413;???? (Chios);303;49;8;360;0.006;0.006;0.006;0.006;1;21;6;38;35;260;0.003;0.057;0.018;0.106;0.097;0.719
EL;2;EL42;????? ?????? (Notio Aigaio);1343;553;40;1935;0.032;0.026;0.067;0.032;4;98;40;199;166;1479;0.002;0.049;0.02;0.1;0.084;0.745
EL;3;EL421;????????, ????????, ???, ????? (Kalymnos, Karpathos, Kos, Rodos);684;300;25;1009;0.017;0.013;0.037;0.02;2;77;21;101;81;757;0.002;0.074;0.02;0.097;0.078;0.728
EL;3;EL422;??????, ????, ???, ?????, ???????, ?????, ?????, ?????, ????? (Andros, Thira, Kea, Milos, Mykonos, Naxos, Paros,  Syros, Tinos);659;252;15;926;0.015;0.013;0.031;0.012;2;21;19;98;85;721;0.002;0.022;0.02;0.104;0.089;0.763
EL;2;EL43;????? (Kriti);2705;578;74;3357;0.055;0.053;0.07;0.059;13;173;64;340;287;2526;0.004;0.051;0.019;0.1;0.084;0.742
EL;3;EL431;???????? (Irakleio);1191;283;37;1511;0.025;0.023;0.034;0.03;6;47;30;154;126;1171;0.004;0.031;0.019;0.101;0.082;0.764
EL;3;EL432;?????? (Lasithi);439;79;8;527;0.009;0.009;0.01;0.007;1;30;9;55;51;383;0.003;0.057;0.017;0.104;0.096;0.723
EL;3;EL433;??????? (Rethymni);375;76;9;460;0.008;0.007;0.009;0.007;1;24;8;49;44;337;0.003;0.053;0.018;0.105;0.096;0.727
EL;3;EL434;????? (Chania);699;140;20;859;0.014;0.014;0.017;0.016;4;72;16;82;66;634;0.005;0.082;0.019;0.094;0.075;0.725
EL;1;EL5;?????? ?????? (VOREIA ELLADA);16776;2245;445;19466;0.321;0.328;0.274;0.357;189;3051;1787;1558;1370;11712;0.01;0.155;0.091;0.079;0.07;0.596
EL;2;EL51;A???????? ?????????, ????? (Anatoliki Makedonia, Thraki);3307;381;89;3777;0.062;0.065;0.046;0.072;98;838;339;274;249;1996;0.026;0.221;0.089;0.072;0.066;0.526
EL;3;EL511;????? (Evros);820;84;29;932;0.015;0.016;0.01;0.023;3;204;70;74;66;526;0.003;0.217;0.074;0.078;0.07;0.558
EL;3;EL512;????? (Xanthi);540;63;16;620;0.01;0.011;0.008;0.013;2;136;62;46;42;335;0.003;0.219;0.1;0.074;0.067;0.538
EL;3;EL513;?????? (Rodopi);561;57;16;634;0.01;0.011;0.007;0.013;90;124;66;41;39;277;0.141;0.195;0.103;0.064;0.061;0.435
EL;3;EL514;????? (Drama);572;43;12;627;0.01;0.011;0.005;0.01;2;245;49;32;26;271;0.003;0.392;0.078;0.052;0.042;0.434
EL;3;EL515;?????, ?????? (Thasos, Kavala);814;134;16;964;0.016;0.016;0.016;0.013;3;129;93;82;76;588;0.003;0.133;0.095;0.084;0.078;0.606
EL;2;EL52;???????? ????????? (Kentriki Makedonia);9999;1515;277;11792;0.195;0.195;0.185;0.222;65;1279;1131;987;840;7633;0.005;0.107;0.095;0.083;0.07;0.64
EL;3;EL521;?????? (Imathia);661;87;15;764;0.013;0.013;0.011;0.012;2;135;82;61;56;437;0.003;0.175;0.106;0.078;0.073;0.565
EL;3;EL522;??????????? (Thessaloniki);5460;954;194;6607;0.109;0.107;0.116;0.155;44;338;782;566;453;4591;0.007;0.05;0.115;0.084;0.067;0.678
EL;3;EL523;?????? (Kilkis);426;50;9;485;0.008;0.008;0.006;0.007;1;94;25;40;36;289;0.003;0.193;0.052;0.083;0.075;0.595
EL;3;EL524;????? (Pella);630;98;14;742;0.012;0.012;0.012;0.012;2;159;38;59;52;439;0.003;0.212;0.051;0.079;0.069;0.586
EL;3;EL525;?????? (Pieria);735;85;16;836;0.014;0.014;0.01;0.013;2;132;82;69;65;487;0.003;0.157;0.099;0.082;0.078;0.582
EL;3;EL526;?????? (Serres);892;117;17;1026;0.017;0.017;0.014;0.014;9;200;100;76;70;556;0.009;0.198;0.099;0.075;0.069;0.55
EL;3;EL527;????????? (Chalkidiki);1196;124;11;1330;0.022;0.023;0.015;0.009;4;222;21;116;108;834;0.003;0.17;0.016;0.089;0.083;0.639
EL;2;EL53;?????? ????????? (Dytiki Makedonia);1623;128;35;1786;0.029;0.032;0.016;0.028;19;487;135;138;139;906;0.01;0.267;0.074;0.076;0.076;0.497
EL;3;EL531;???????, ?????? (Grevena, Kozani);1036;85;21;1143;0.019;0.02;0.01;0.017;17;298;90;94;99;573;0.014;0.254;0.076;0.08;0.085;0.49
EL;3;EL532;???????? (Kastoria);278;23;6;308;0.005;0.005;0.003;0.005;1;95;30;19;17;146;0.003;0.309;0.097;0.061;0.054;0.476
EL;3;EL533;??????? (Florina);309;20;7;335;0.006;0.006;0.002;0.006;1;94;16;25;23;187;0.003;0.272;0.046;0.073;0.066;0.539
EL;2;EL54;??????? (Ipeiros);1847;221;44;2112;0.035;0.036;0.027;0.035;6;446;182;158;143;1177;0.003;0.211;0.086;0.075;0.068;0.557
EL;3;EL541;????, ??????? (Arta, Preveza);558;94;13;665;0.011;0.011;0.011;0.011;0;93;56;64;66;383;0;0.141;0.084;0.096;0.1;0.579
EL;3;EL542;????????? (Thesprotia);215;46;5;267;0.004;0.004;0.006;0.004;1;51;22;21;18;157;0.003;0.19;0.082;0.077;0.067;0.582
EL;3;EL543;???????? (Ioannina);1074;81;26;1180;0.019;0.021;0.01;0.021;5;302;104;74;58;636;0.005;0.256;0.088;0.063;0.049;0.539
EL;1;EL6;???????? ?????? (KENTRIKI ELLADA);14032;2215;335;16582;0.274;0.274;0.27;0.268;54;2470;1156;1465;1364;10203;0.003;0.148;0.069;0.088;0.082;0.611
EL;2;EL61;???????? (Thessalia);3343;530;94;3967;0.065;0.065;0.065;0.075;10;631;358;336;313;2347;0.003;0.158;0.09;0.084;0.078;0.588
EL;3;EL611;????????, ??????? (Karditsa, Trikala);1166;144;27;1337;0.022;0.023;0.018;0.022;0;328;108;109;113;667;0;0.248;0.081;0.082;0.086;0.503
EL;3;EL612;?????? (Larisa);1198;203;40;1441;0.024;0.023;0.025;0.032;4;178;133;129;119;908;0.003;0.121;0.09;0.088;0.081;0.617
EL;3;EL613;????????, ???????? (Magnisia, Sporades);978;183;27;1188;0.02;0.019;0.022;0.022;6;125;117;97;81;772;0.005;0.104;0.098;0.081;0.067;0.644
EL;2;EL62;????? ????? (Ionia Nisia);1086;270;25;1382;0.023;0.021;0.033;0.02;4;90;28;142;126;1009;0.003;0.065;0.02;0.101;0.09;0.722
EL;3;EL621;???????? (Zakynthos);125;65;4;194;0.003;0.002;0.008;0.004;0;9;4;20;16;151;0.002;0.047;0.021;0.099;0.079;0.752
EL;3;EL622;??????? (Kerkyra);652;122;15;789;0.013;0.013;0.015;0.012;2;26;16;86;79;586;0.003;0.033;0.02;0.108;0.1;0.737
EL;3;EL623;?????, ?????????? (Ithaki, Kefallinia);172;55;3;231;0.004;0.003;0.007;0.003;1;40;4;20;16;154;0.002;0.171;0.019;0.084;0.068;0.657
EL;3;EL624;??????? (Lefkada);137;28;3;168;0.003;0.003;0.003;0.002;0;15;3;17;15;118;0.003;0.087;0.018;0.099;0.089;0.705
EL;2;EL63;?????? ?????? (Dytiki Ellada);3256;503;86;3845;0.063;0.064;0.061;0.069;14;511;254;332;287;2484;0.003;0.132;0.065;0.085;0.074;0.64
EL;3;EL631;??????????????? (Aitoloakarnania);886;174;21;1080;0.018;0.017;0.021;0.017;3;282;58;76;62;599;0.003;0.261;0.054;0.071;0.058;0.554
EL;3;EL632;????? (Achaia);1669;223;49;1942;0.032;0.033;0.027;0.039;9;162;177;172;147;1310;0.004;0.082;0.09;0.087;0.074;0.663
EL;3;EL633;????? (Ileia);701;107;16;823;0.014;0.014;0.013;0.013;2;67;18;84;77;575;0.003;0.082;0.022;0.102;0.094;0.698
EL;2;EL64;?????? ?????? (Sterea Ellada);2896;434;60;3390;0.056;0.057;0.053;0.048;23;659;240;270;243;1987;0.007;0.192;0.07;0.079;0.071;0.581
EL;3;EL641;??????? (Voiotia);517;85;11;613;0.01;0.01;0.01;0.009;2;91;67;52;48;376;0.003;0.143;0.105;0.082;0.076;0.591
EL;3;EL642;?????? (Evvoia);1181;180;23;1383;0.023;0.023;0.022;0.018;4;197;76;123;112;877;0.003;0.142;0.055;0.088;0.081;0.631
EL;3;EL643;????????? (Evrytania);151;12;3;165;0.003;0.003;0.001;0.002;14;75;6;6;4;55;0.089;0.466;0.038;0.038;0.028;0.342
EL;3;EL644;???????? (Fthiotida);755;135;18;908;0.015;0.015;0.016;0.015;2;185;77;70;62;524;0.003;0.201;0.084;0.076;0.067;0.569
EL;3;EL645;?????? (Fokida);293;23;5;321;0.005;0.006;0.003;0.004;1;110;13;19;16;155;0.003;0.35;0.043;0.062;0.052;0.491
EL;2;EL65;???????????? (Peloponnisos);3451;477;70;3999;0.066;0.067;0.058;0.056;4;578;276;385;396;2376;0.001;0.144;0.069;0.096;0.099;0.592
EL;3;EL651;????????, ??????? (Argolida, Arkadia);1173;148;23;1344;0.022;0.023;0.018;0.019;0;228;111;128;136;761;0;0.167;0.082;0.094;0.1;0.558
EL;3;EL652;???????? (Korinthia);773;125;16;915;0.015;0.015;0.015;0.013;2;118;79;79;73;565;0.003;0.128;0.086;0.086;0.08;0.616
EL;3;EL653;???????, ???????? (Lakonia, Messinia);1505;204;31;1739;0.029;0.029;0.025;0.025;1;233;86;178;186;1050;0;0.134;0.05;0.102;0.108;0.606
EL;1;ELZ;EXTRA-REGIO NUTS 1;;;;;;;;;;;;;;;;;;;;
EL;2;ELZZ;Extra-Regio NUTS 2;;;;;;;;;;;;;;;;;;;;
EL;3;ELZZZ;Extra-Regio NUTS 3;;;;;;;;;;;;;;;;;;;;
ES;0;ES;ESPAÑA ;107769;53232;12584;173585;1;1;1;1;701;25214;55102;17681;13201;61686;0.004;0.145;0.317;0.102;0.076;0.355
ES;1;ES1;NOROESTE;10824;2963;1088;14874;0.086;0.1;0.056;0.086;54;3143;4672;1205;1201;4450;0.004;0.213;0.317;0.082;0.082;0.302
ES;2;ES11;Galicia;6825;1809;671;9305;0.054;0.063;0.034;0.053;38;2141;2623;771;787;2821;0.004;0.233;0.286;0.084;0.086;0.307
ES;3;ES111;A Coruña;2746;738;296;3780;0.022;0.025;0.014;0.024;33;711;1185;316;328;1177;0.009;0.19;0.316;0.084;0.087;0.314
ES;3;ES112;Lugo;945;228;85;1258;0.007;0.009;0.004;0.007;1;551;331;82;41;229;0.001;0.447;0.268;0.066;0.033;0.185
ES;3;ES113;Ourense;964;224;85;1273;0.007;0.009;0.004;0.007;1;397;231;112;120;393;0.001;0.316;0.184;0.089;0.096;0.313
ES;3;ES114;Pontevedra;2171;619;204;2994;0.017;0.02;0.012;0.016;3;482;876;262;299;1023;0.001;0.164;0.298;0.089;0.101;0.347
ES;2;ES12;Principado de Asturias;2566;774;269;3610;0.021;0.024;0.015;0.021;14;658;1308;287;264;1063;0.004;0.183;0.364;0.08;0.073;0.296
ES;3;ES120;Asturias;2566;774;269;3610;0.021;0.024;0.015;0.021;14;658;1308;287;264;1063;0.004;0.183;0.364;0.08;0.073;0.296
ES;2;ES13;Cantabria;1433;379;148;1960;0.011;0.013;0.007;0.012;2;344;741;148;150;565;0.001;0.176;0.38;0.076;0.077;0.29
ES;3;ES130;Cantabria;1433;379;148;1960;0.011;0.013;0.007;0.012;2;344;741;148;150;565;0.001;0.176;0.38;0.076;0.077;0.29
ES;1;ES2;NORESTE;10685;4437;1389;16511;0.095;0.099;0.083;0.11;109;2882;6111;1516;1045;5133;0.006;0.172;0.364;0.09;0.062;0.306
ES;2;ES21;País Vasco;4935;2092;695;7722;0.044;0.046;0.039;0.055;61;810;3084;748;559;2651;0.008;0.102;0.39;0.095;0.071;0.335
ES;3;ES211;Araba/Álava;793;293;120;1206;0.007;0.007;0.006;0.01;10;215;463;113;76;369;0.008;0.172;0.371;0.091;0.061;0.296
ES;3;ES212;Gipuzkoa;1555;668;220;2443;0.014;0.014;0.013;0.018;16;259;985;238;175;838;0.006;0.103;0.392;0.095;0.07;0.334
ES;3;ES213;Bizkaia;2587;1131;355;4073;0.023;0.024;0.021;0.028;35;336;1637;397;309;1445;0.008;0.081;0.394;0.096;0.074;0.347
ES;2;ES22;Comunidad Foral de Navarra;1541;595;198;2334;0.013;0.014;0.011;0.016;17;593;788;207;125;640;0.007;0.25;0.333;0.087;0.053;0.27
ES;3;ES220;Navarra;1541;595;198;2334;0.013;0.014;0.011;0.016;17;593;788;207;125;640;0.007;0.25;0.333;0.087;0.053;0.27
ES;2;ES23;La Rioja;815;267;86;1169;0.007;0.008;0.005;0.007;7;234;433;93;77;333;0.006;0.199;0.368;0.079;0.065;0.283
ES;3;ES230;La Rioja;815;267;86;1169;0.007;0.008;0.005;0.007;7;234;433;93;77;333;0.006;0.199;0.368;0.079;0.065;0.283
ES;2;ES24;Aragón;3393;1483;409;5285;0.03;0.031;0.028;0.032;25;1245;1806;468;284;1508;0.005;0.233;0.338;0.088;0.053;0.283
ES;3;ES241;Huesca;676;199;73;949;0.005;0.006;0.004;0.006;9;415;284;64;23;165;0.01;0.432;0.296;0.066;0.024;0.172
ES;3;ES242;Teruel;460;114;51;624;0.004;0.004;0.002;0.004;1;315;179;37;12;86;0.001;0.501;0.284;0.058;0.019;0.137
ES;3;ES243;Zaragoza;2257;1170;285;3713;0.021;0.021;0.022;0.023;15;515;1343;367;249;1257;0.004;0.137;0.358;0.098;0.067;0.336
ES;1;ES3;COMUNIDAD DE MADRID;14360;12473;2309;29142;0.168;0.133;0.234;0.183;77;1233;10228;3747;2133;12560;0.003;0.041;0.341;0.125;0.071;0.419
ES;2;ES30;Comunidad de Madrid;14360;12473;2309;29142;0.168;0.133;0.234;0.183;77;1233;10228;3747;2133;12560;0.003;0.041;0.341;0.125;0.071;0.419
ES;3;ES300;Madrid;14360;12473;2309;29142;0.168;0.133;0.234;0.183;77;1233;10228;3747;2133;12560;0.003;0.041;0.341;0.125;0.071;0.419
ES;1;ES4;CENTRO (ES);15134;4880;1560;21574;0.124;0.14;0.092;0.124;69;7407;5949;1676;1049;5071;0.003;0.349;0.28;0.079;0.049;0.239
ES;2;ES41;Castilla y León;7060;2103;767;9930;0.057;0.066;0.04;0.061;34;3160;3060;755;514;2360;0.003;0.32;0.31;0.076;0.052;0.239
ES;3;ES411;Ávila;524;140;50;714;0.004;0.005;0.003;0.004;1;276;149;58;45;179;0.001;0.39;0.21;0.082;0.063;0.253
ES;3;ES412;Burgos;1068;290;115;1473;0.008;0.01;0.005;0.009;17;525;498;100;55;298;0.011;0.351;0.334;0.067;0.037;0.2
ES;3;ES413;León;1450;395;145;1989;0.011;0.013;0.007;0.012;2;652;622;141;98;446;0.001;0.333;0.317;0.072;0.05;0.227
ES;3;ES414;Palencia;479;124;53;656;0.004;0.004;0.002;0.004;1;224;177;53;39;165;0.001;0.34;0.268;0.081;0.059;0.251
ES;3;ES415;Salamanca;910;282;107;1299;0.007;0.008;0.005;0.008;1;498;369;100;44;270;0.001;0.389;0.288;0.078;0.034;0.211
ES;3;ES416;Segovia;455;144;49;648;0.004;0.004;0.003;0.004;4;273;201;42;15;109;0.006;0.424;0.312;0.065;0.023;0.17
ES;3;ES417;Soria;278;76;30;384;0.002;0.003;0.001;0.002;3;192;104;23;7;56;0.008;0.499;0.27;0.06;0.018;0.144
ES;3;ES418;Valladolid;1359;508;170;2038;0.012;0.013;0.01;0.014;5;270;734;186;170;671;0.002;0.133;0.36;0.091;0.084;0.33
ES;3;ES419;Zamora;536;143;50;728;0.004;0.005;0.003;0.004;1;249;207;52;42;166;0.001;0.348;0.289;0.072;0.058;0.231
ES;2;ES42;Castilla-La Mancha;5444;1826;527;7797;0.045;0.051;0.034;0.042;32;2523;2071;617;436;1940;0.004;0.331;0.272;0.081;0.057;0.255
ES;3;ES421;Albacete;1035;355;114;1505;0.009;0.01;0.007;0.009;10;475;445;118;67;355;0.007;0.323;0.303;0.08;0.046;0.241
ES;3;ES422;Ciudad Real;1327;490;129;1946;0.011;0.012;0.009;0.01;17;615;515;159;101;495;0.009;0.323;0.271;0.084;0.053;0.26
ES;3;ES423;Cuenca;632;181;57;870;0.005;0.006;0.003;0.005;1;451;178;61;19;147;0.002;0.526;0.208;0.071;0.022;0.171
ES;3;ES424;Guadalajara;715;189;68;972;0.006;0.007;0.004;0.005;1;448;283;58;21;148;0.001;0.467;0.295;0.06;0.022;0.155
ES;3;ES425;Toledo;1735;611;159;2505;0.014;0.016;0.011;0.013;2;535;650;222;228;795;0.001;0.22;0.267;0.091;0.094;0.327
ES;2;ES43;Extremadura;2630;951;266;3846;0.022;0.024;0.018;0.021;4;1724;817;304;98;771;0.001;0.464;0.22;0.082;0.026;0.207
ES;3;ES431;Badajoz;1610;613;168;2391;0.014;0.015;0.012;0.013;2;1001;576;187;60;482;0.001;0.434;0.249;0.081;0.026;0.209
ES;3;ES432;Cáceres;1019;337;98;1455;0.008;0.009;0.006;0.008;2;723;242;117;38;289;0.001;0.513;0.171;0.083;0.027;0.205
ES;1;ES5;ESTE;31423;15960;3498;50881;0.293;0.292;0.3;0.278;233;5007;17589;5158;4172;18928;0.005;0.098;0.344;0.101;0.082;0.371
ES;2;ES51;Cataluña;17531;9729;2143;29403;0.169;0.163;0.183;0.17;197;3076;10294;3090;2246;10933;0.007;0.103;0.345;0.104;0.075;0.366
ES;3;ES511;Barcelona;12515;7290;1587;21393;0.123;0.116;0.137;0.126;60;1447;7996;2284;1688;8247;0.003;0.067;0.368;0.105;0.078;0.38
ES;3;ES512;Girona;1893;912;202;3007;0.017;0.018;0.017;0.016;10;628;826;313;220;1049;0.003;0.206;0.271;0.103;0.072;0.344
ES;3;ES513;Lleida;1223;492;147;1861;0.011;0.011;0.009;0.012;14;603;356;200;118;591;0.007;0.321;0.189;0.106;0.063;0.314
ES;3;ES514;Tarragona;1900;1034;207;3141;0.018;0.018;0.019;0.016;112;397;1118;293;219;1046;0.035;0.125;0.351;0.092;0.069;0.328
ES;2;ES52;Comunidad Valenciana;11556;4700;1098;17354;0.1;0.107;0.088;0.087;32;1547;5888;1628;1599;6435;0.002;0.09;0.344;0.095;0.093;0.376
ES;3;ES521;Alicante / Alacant;4162;1577;374;6112;0.035;0.039;0.03;0.03;9;429;1952;580;627;2386;0.001;0.072;0.326;0.097;0.105;0.399
ES;3;ES522;Castellón / Castelló;1502;509;135;2145;0.012;0.014;0.01;0.011;10;368;764;173;168;660;0.005;0.172;0.357;0.081;0.078;0.308
ES;3;ES523;Valencia / València;5893;2615;589;9097;0.052;0.055;0.049;0.047;13;751;3173;875;805;3389;0.001;0.083;0.352;0.097;0.089;0.376
ES;2;ES53;Illes Balears;2336;1531;257;4124;0.024;0.022;0.029;0.02;4;384;1407;440;327;1560;0.001;0.093;0.341;0.107;0.079;0.378
ES;3;ES531;Eivissa y Formentera;222;212;19;454;0.003;0.002;0.004;0.002;0;52;140;52;27;178;0.001;0.117;0.311;0.116;0.06;0.395
ES;3;ES532;Mallorca;1905;1218;220;3344;0.019;0.018;0.023;0.017;3;284;1158;359;274;1275;0.001;0.085;0.345;0.107;0.082;0.38
ES;3;ES533;Menorca;208;100;18;326;0.002;0.002;0.002;0.001;0;47;109;29;26;108;0.001;0.149;0.341;0.091;0.082;0.337
ES;1;ES6;SUR;20768;9595;2199;32562;0.188;0.193;0.18;0.175;150;5004;10043;3091;2544;11004;0.005;0.157;0.315;0.097;0.08;0.346
ES;2;ES61;Andalucía;17529;8023;1832;27384;0.158;0.163;0.151;0.146;101;4441;8505;2554;2075;9065;0.004;0.166;0.318;0.096;0.078;0.339
ES;3;ES611;Almería;1570;625;143;2338;0.013;0.015;0.012;0.011;9;320;765;204;207;782;0.004;0.14;0.335;0.089;0.09;0.342
ES;3;ES612;Cádiz;2335;1043;258;3636;0.021;0.022;0.02;0.021;4;492;1079;362;311;1311;0.001;0.138;0.303;0.102;0.087;0.368
ES;3;ES613;Córdoba;1659;761;171;2592;0.015;0.015;0.014;0.014;16;759;753;219;110;663;0.006;0.301;0.299;0.087;0.044;0.263
ES;3;ES614;Granada;2357;819;243;3419;0.02;0.022;0.015;0.019;3;537;1020;305;312;1134;0.001;0.162;0.308;0.092;0.094;0.342
ES;3;ES615;Huelva;1059;463;105;1627;0.009;0.01;0.009;0.008;6;553;405;144;67;423;0.004;0.346;0.253;0.09;0.042;0.265
ES;3;ES616;Jaén;1543;595;151;2289;0.013;0.014;0.011;0.012;17;581;686;183;135;607;0.008;0.263;0.311;0.083;0.061;0.275
ES;3;ES617;Málaga;3343;1587;345;5275;0.03;0.031;0.03;0.027;19;461;1767;509;456;1939;0.004;0.089;0.343;0.099;0.089;0.376
ES;3;ES618;Sevilla;3662;2131;416;6209;0.036;0.034;0.04;0.033;27;738;2030;628;476;2206;0.004;0.121;0.333;0.103;0.078;0.361
ES;2;ES62;Región de Murcia;3012;1445;319;4776;0.028;0.028;0.027;0.025;48;549;1510;464;415;1710;0.01;0.117;0.322;0.099;0.088;0.364
ES;3;ES620;Murcia;3012;1445;319;4776;0.028;0.028;0.027;0.025;48;549;1510;464;415;1710;0.01;0.117;0.322;0.099;0.088;0.364
ES;2;ES63;Ciudad Autónoma de Ceuta;108;60;23;191;0.001;0.001;0.001;0.002;0;7;13;35;25;109;0.001;0.038;0.069;0.184;0.133;0.575
ES;3;ES630;Ceuta;108;60;23;191;0.001;0.001;0.001;0.002;0;7;13;35;25;109;0.001;0.038;0.069;0.184;0.133;0.575
ES;2;ES64;Ciudad Autónoma de Melilla;119;67;25;210;0.001;0.001;0.001;0.002;0;7;14;38;29;119;0.001;0.034;0.068;0.183;0.138;0.575
ES;3;ES640;Melilla;119;67;25;210;0.001;0.001;0.001;0.002;0;7;14;38;29;119;0.001;0.034;0.068;0.183;0.138;0.575
ES;1;ES7;CANARIAS;4576;2925;542;8042;0.046;0.042;0.055;0.043;8;537;510;1288;1058;4542;0.001;0.068;0.064;0.162;0.133;0.572
ES;2;ES70;Canarias;4576;2925;542;8042;0.046;0.042;0.055;0.043;8;537;510;1288;1058;4542;0.001;0.068;0.064;0.162;0.133;0.572
ES;3;ES703;El Hierro;26;10;3;39;0;0;0;0;0;10;2;5;4;16;0.001;0.274;0.058;0.139;0.115;0.414
ES;3;ES704;Fuerteventura;159;130;13;302;0.002;0.001;0.002;0.001;0;10;19;49;40;180;0.001;0.032;0.063;0.164;0.135;0.605
ES;3;ES705;Gran Canaria;1853;1160;220;3233;0.019;0.017;0.022;0.018;3;162;208;519;438;1857;0.001;0.051;0.065;0.163;0.137;0.582
ES;3;ES706;La Gomera;52;27;6;85;0;0;0.001;0;0;22;5;12;9;37;0.001;0.259;0.058;0.142;0.102;0.437
ES;3;ES707;La Palma;197;100;23;320;0.002;0.002;0.002;0.002;0;64;19;46;37;148;0.001;0.205;0.06;0.146;0.118;0.471
ES;3;ES708;Lanzarote;316;220;33;569;0.003;0.003;0.004;0.003;1;20;36;93;81;336;0.001;0.035;0.064;0.164;0.143;0.593
ES;3;ES709;Tenerife;1973;1278;243;3494;0.02;0.018;0.024;0.019;4;248;222;564;449;1968;0.001;0.072;0.064;0.163;0.13;0.57
ES;1;ESZ;EXTRA-REGIO NUTS 1;;;;;;;;;;;;;;;;;;;;
ES;2;ESZZ;Extra-Regio NUTS 2;;;;;;;;;;;;;;;;;;;;
ES;3;ESZZZ;Extra-Regio NUTS 3;;;;;;;;;;;;;;;;;;;;
FR;0;FR;FRANCE;373113;77867;64229;515208;1;1;1;1;24442;74951;221048;42369;62825;89486;0.047;0.146;0.429;0.082;0.122;0.174
FR;1;FR1;ÎLE DE FRANCE;61210;24696;18743;104648;0.203;0.164;0.317;0.292;8264;3636;59091;10025;11049;16835;0.076;0.033;0.543;0.092;0.101;0.155
FR;2;FR10;Île de France;61210;24696;18743;104648;0.203;0.164;0.317;0.292;8264;3636;59091;10025;11049;16835;0.076;0.033;0.543;0.092;0.101;0.155
FR;3;FR101;Paris;13213;8358;6252;27823;0.054;0.035;0.107;0.097;623;201;18140;3280;3020;4397;0.021;0.007;0.612;0.111;0.102;0.148
FR;3;FR102;Seine-et-Marne;6851;1586;1187;9624;0.019;0.018;0.02;0.018;386;1107;4285;815;1256;1825;0.04;0.114;0.443;0.084;0.13;0.189
FR;3;FR103;Yvelines;7262;1881;1538;10680;0.021;0.019;0.024;0.024;530;698;5430;947;1428;1956;0.048;0.064;0.494;0.086;0.13;0.178
FR;3;FR104;Essonne;6315;1509;1461;9285;0.018;0.017;0.019;0.023;649;554;4604;789;1195;1677;0.069;0.059;0.486;0.083;0.126;0.177
FR;3;FR105;Hauts-de-Seine;7993;5335;3986;17314;0.034;0.021;0.069;0.062;1749;212;10808;1970;1275;2554;0.094;0.011;0.582;0.106;0.069;0.138
FR;3;FR106;Seine-Saint-Denis;7091;2101;1682;10875;0.021;0.019;0.027;0.026;1710;224;5932;778;959;1487;0.154;0.02;0.535;0.07;0.086;0.134
FR;3;FR107;Val-de-Marne;6660;2339;1562;10562;0.02;0.018;0.03;0.024;2269;215;5735;681;705;1272;0.209;0.02;0.527;0.063;0.065;0.117
FR;3;FR108;Val-d'Oise;5825;1587;1075;8487;0.016;0.016;0.02;0.017;348;423;4156;766;1212;1668;0.041;0.049;0.485;0.089;0.141;0.195
FR;1;FR2;BASSIN PARISIEN;67521;9824;9041;86386;0.168;0.181;0.126;0.141;2174;16804;33355;6582;11053;15413;0.025;0.197;0.391;0.077;0.129;0.181
FR;2;FR21;Champagne-Ardenne;8612;1242;1134;10988;0.021;0.023;0.016;0.018;365;2877;4403;684;1062;1521;0.033;0.264;0.403;0.063;0.097;0.139
FR;3;FR211;Ardennes;1920;214;216;2349;0.005;0.005;0.003;0.003;21;673;884;145;235;331;0.009;0.294;0.386;0.063;0.103;0.145
FR;3;FR212;Aube;1907;278;242;2427;0.005;0.005;0.004;0.004;90;654;949;145;228;333;0.038;0.273;0.396;0.06;0.095;0.139
FR;3;FR213;Marne;3465;590;531;4587;0.009;0.009;0.008;0.008;241;778;1990;328;542;754;0.052;0.168;0.429;0.071;0.117;0.163
FR;3;FR214;Haute-Marne;1320;159;145;1624;0.003;0.004;0.002;0.002;13;771;580;67;57;103;0.008;0.485;0.364;0.042;0.036;0.065
FR;2;FR22;Picardie;11599;1654;1565;14817;0.029;0.031;0.021;0.024;627;2268;5668;1106;2065;2857;0.043;0.155;0.388;0.076;0.142;0.196
FR;3;FR221;Aisne;3435;441;406;4281;0.008;0.009;0.006;0.006;146;847;1533;304;559;782;0.035;0.203;0.368;0.073;0.134;0.187
FR;3;FR222;Oise;4540;733;660;5933;0.012;0.012;0.009;0.01;195;900;2443;454;788;1093;0.033;0.153;0.416;0.077;0.134;0.186
FR;3;FR223;Somme;3624;480;499;4604;0.009;0.01;0.006;0.008;287;520;1692;348;718;982;0.063;0.114;0.372;0.077;0.158;0.216
FR;2;FR23;Haute-Normandie;10910;1609;1583;14103;0.027;0.029;0.021;0.025;316;1738;5544;1259;2218;2966;0.022;0.124;0.395;0.09;0.158;0.211
FR;3;FR231;Eure;3420;441;420;4282;0.008;0.009;0.006;0.007;26;787;1590;351;600;843;0.006;0.188;0.379;0.084;0.143;0.201
FR;3;FR232;Seine-Maritime;7490;1168;1163;9821;0.019;0.02;0.015;0.018;290;951;3954;909;1618;2123;0.029;0.097;0.402;0.092;0.164;0.216
FR;2;FR24;Centre;15915;2443;2107;20465;0.04;0.043;0.031;0.033;578;4556;7831;1489;2363;3410;0.029;0.225;0.387;0.074;0.117;0.169
FR;3;FR241;Cher;2122;281;235;2638;0.005;0.006;0.004;0.004;24;772;862;198;290;429;0.009;0.3;0.335;0.077;0.113;0.166
FR;3;FR242;Eure-et-Loir;2632;382;330;3344;0.006;0.007;0.005;0.005;21;500;1262;294;505;710;0.007;0.152;0.383;0.089;0.153;0.216
FR;3;FR243;Indre;1610;199;167;1976;0.004;0.004;0.003;0.003;57;535;652;131;223;321;0.03;0.279;0.34;0.068;0.116;0.167
FR;3;FR244;Indre-et-Loire;3471;594;505;4571;0.009;0.009;0.008;0.008;265;840;1878;308;511;730;0.059;0.185;0.414;0.068;0.113;0.161
FR;3;FR245;Loir-et-Cher;2123;290;255;2668;0.005;0.006;0.004;0.004;48;892;1010;149;205;315;0.018;0.341;0.386;0.057;0.078;0.12
FR;3;FR246;Loiret;3957;696;615;5269;0.01;0.011;0.009;0.01;162;1017;2168;409;630;906;0.031;0.192;0.41;0.077;0.119;0.171
FR;2;FR25;Basse-Normandie;9488;1246;1205;11940;0.023;0.025;0.016;0.019;114;1324;4534;1082;1996;2690;0.01;0.113;0.386;0.092;0.17;0.229
FR;3;FR251;Calvados;4258;698;635;5591;0.011;0.011;0.009;0.01;52;475;2385;515;918;1222;0.009;0.085;0.428;0.092;0.165;0.22
FR;3;FR252;Manche;3185;333;345;3863;0.007;0.009;0.004;0.005;48;334;1310;365;723;977;0.013;0.089;0.349;0.097;0.193;0.26
FR;3;FR253;Orne;2045;215;225;2485;0.005;0.005;0.003;0.004;14;514;840;203;355;491;0.006;0.213;0.347;0.084;0.147;0.203
FR;2;FR26;Bourgogne;10997;1630;1447;14074;0.027;0.029;0.021;0.023;174;4042;5375;960;1348;1968;0.013;0.291;0.388;0.069;0.097;0.142
FR;3;FR261;Côte-d'Or;3400;615;571;4586;0.009;0.009;0.008;0.009;47;1241;1980;329;415;594;0.01;0.269;0.43;0.071;0.09;0.129
FR;3;FR262;Nièvre;1679;190;174;2042;0.004;0.004;0.002;0.003;11;847;642;118;138;215;0.006;0.43;0.326;0.06;0.07;0.109
FR;3;FR263;Saône-et-Loire;3663;514;439;4616;0.009;0.01;0.007;0.007;99;1010;1763;325;548;779;0.022;0.223;0.39;0.072;0.121;0.172
FR;3;FR264;Yonne;2256;312;262;2830;0.005;0.006;0.004;0.004;16;944;991;189;247;379;0.006;0.341;0.358;0.068;0.089;0.137
FR;1;FR3;NORD - PAS-DE-CALAIS;23784;3628;3616;31028;0.06;0.064;0.047;0.056;3077;2080;12315;2176;4725;6364;0.1;0.068;0.401;0.071;0.154;0.207
FR;2;FR30;Nord - Pas-de-Calais;23784;3628;3616;31028;0.06;0.064;0.047;0.056;3077;2080;12315;2176;4725;6364;0.1;0.068;0.401;0.071;0.154;0.207
FR;3;FR301;Nord;14970;2512;2506;19988;0.039;0.04;0.032;0.039;2924;1231;8098;1178;2784;3750;0.146;0.062;0.406;0.059;0.139;0.188
FR;3;FR302;Pas-de-Calais;8813;1116;1110;11040;0.021;0.024;0.014;0.017;153;849;4216;998;1941;2614;0.014;0.079;0.391;0.093;0.18;0.243
FR;1;FR4;EST;33106;5077;4620;42804;0.083;0.089;0.065;0.072;2521;8836;17372;2697;4542;6306;0.06;0.209;0.411;0.064;0.107;0.149
FR;2;FR41;Lorraine;14911;2142;1995;19047;0.037;0.04;0.028;0.031;1353;4026;7784;1035;1865;2621;0.072;0.215;0.417;0.055;0.1;0.14
FR;3;FR411;Meurthe-et-Moselle;4604;758;698;6059;0.012;0.012;0.01;0.011;408;957;2638;384;668;934;0.068;0.16;0.44;0.064;0.112;0.156
FR;3;FR412;Meuse;1313;140;142;1595;0.003;0.004;0.002;0.002;87;736;567;32;43;73;0.056;0.478;0.369;0.021;0.028;0.047
FR;3;FR413;Moselle;6334;937;857;8128;0.016;0.017;0.012;0.013;756;1201;3366;464;918;1270;0.095;0.151;0.422;0.058;0.115;0.159
FR;3;FR414;Vosges;2661;306;298;3265;0.006;0.007;0.004;0.005;102;1132;1213;155;236;344;0.032;0.356;0.381;0.049;0.074;0.108
FR;2;FR42;Alsace;10602;1899;1652;14152;0.027;0.028;0.024;0.026;637;1984;6010;1128;1871;2536;0.045;0.14;0.424;0.08;0.132;0.179
FR;3;FR421;Bas-Rhin;6070;1214;1029;8313;0.016;0.016;0.016;0.016;384;1091;3545;712;1117;1533;0.046;0.13;0.423;0.085;0.133;0.183
FR;3;FR422;Haut-Rhin;4532;684;623;5839;0.011;0.012;0.009;0.01;252;893;2465;416;753;1003;0.044;0.154;0.426;0.072;0.13;0.173
FR;2;FR43;Franche-Comté;7594;1036;974;9604;0.019;0.02;0.013;0.015;532;2827;3577;533;807;1150;0.056;0.3;0.38;0.057;0.086;0.122
FR;3;FR431;Doubs;3452;496;499;4448;0.009;0.009;0.006;0.008;436;1001;1677;257;430;598;0.099;0.228;0.381;0.058;0.098;0.136
FR;3;FR432;Jura;1677;225;186;2088;0.004;0.004;0.003;0.003;55;840;749;98;114;183;0.027;0.412;0.367;0.048;0.056;0.09
FR;3;FR433;Haute-Saône;1578;177;154;1908;0.004;0.004;0.002;0.002;28;828;626;87;101;162;0.015;0.452;0.342;0.047;0.055;0.088
FR;3;FR434;Territoire de Belfort;887;138;135;1160;0.002;0.002;0.002;0.002;13;158;525;92;162;208;0.011;0.136;0.454;0.079;0.14;0.18
FR;1;FR5;OUEST;50666;7857;6784;65307;0.127;0.136;0.101;0.106;1339;7889;24671;5929;10339;14417;0.021;0.122;0.382;0.092;0.16;0.223
FR;2;FR51;Pays de la Loire;20447;3508;2877;26832;0.052;0.055;0.045;0.045;766;2759;10481;2463;4272;5970;0.029;0.103;0.392;0.092;0.16;0.224
FR;3;FR511;Loire-Atlantique;7101;1402;1181;9684;0.019;0.019;0.018;0.018;498;642;4311;829;1456;2010;0.051;0.066;0.442;0.085;0.149;0.206
FR;3;FR512;Maine-et-Loire;4329;685;610;5624;0.011;0.012;0.009;0.01;59;698;2020;561;939;1289;0.011;0.125;0.363;0.101;0.169;0.232
FR;3;FR513;Mayenne;1833;270;232;2335;0.005;0.005;0.003;0.004;14;286;767;250;415;590;0.006;0.123;0.33;0.108;0.179;0.254
FR;3;FR514;Sarthe;3411;622;437;4471;0.009;0.009;0.008;0.007;162;713;1746;349;598;872;0.037;0.16;0.393;0.079;0.135;0.196
FR;3;FR515;Vendée;3773;529;416;4718;0.009;0.01;0.007;0.006;33;420;1636;473;865;1209;0.007;0.091;0.353;0.102;0.187;0.261
FR;2;FR52;Bretagne;19288;2719;2528;24535;0.048;0.052;0.035;0.039;356;2752;9202;2256;4050;5559;0.015;0.114;0.381;0.093;0.168;0.23
FR;3;FR521;Côtes-d'Armor;3955;432;427;4814;0.009;0.011;0.006;0.007;72;622;1627;424;816;1116;0.015;0.133;0.348;0.091;0.175;0.239
FR;3;FR522;Finistère;5623;704;686;7013;0.014;0.015;0.009;0.011;108;703;2571;641;1211;1653;0.016;0.102;0.373;0.093;0.176;0.24
FR;3;FR523;Ille-et-Vilaine;5379;1022;920;7321;0.014;0.014;0.013;0.014;143;643;3066;715;1173;1615;0.019;0.087;0.417;0.097;0.16;0.22
FR;3;FR524;Morbihan;4330;562;494;5387;0.01;0.012;0.007;0.008;33;784;1939;475;849;1176;0.006;0.149;0.369;0.09;0.162;0.224
FR;2;FR53;Poitou-Charentes;10931;1630;1379;13941;0.027;0.029;0.021;0.021;218;2379;4988;1210;2016;2888;0.016;0.174;0.364;0.088;0.147;0.211
FR;3;FR531;Charente;2161;323;250;2734;0.005;0.006;0.004;0.004;27;640;1007;210;329;486;0.01;0.237;0.373;0.078;0.122;0.18
FR;3;FR532;Charente-Maritime;3861;559;452;4872;0.009;0.01;0.007;0.007;79;706;1721;426;748;1054;0.017;0.149;0.363;0.09;0.158;0.223
FR;3;FR533;Deux-Sèvres;2272;366;288;2926;0.006;0.006;0.005;0.004;57;379;1030;278;475;684;0.02;0.13;0.355;0.096;0.164;0.236
FR;3;FR534;Vienne;2638;382;388;3408;0.007;0.007;0.005;0.006;55;655;1231;297;464;664;0.016;0.195;0.366;0.088;0.138;0.197
FR;1;FR6;SUD-OUEST;40673;6970;5926;53570;0.104;0.109;0.09;0.092;1781;13738;19310;4103;5642;8313;0.034;0.26;0.365;0.078;0.107;0.157
FR;2;FR61;Aquitaine;18113;3348;2698;24160;0.047;0.049;0.043;0.042;1087;6182;9329;1675;2253;3418;0.045;0.258;0.39;0.07;0.094;0.143
FR;3;FR611;Dordogne;2692;335;289;3315;0.006;0.007;0.004;0.004;63;1467;809;226;240;394;0.02;0.459;0.253;0.071;0.075;0.123
FR;3;FR612;Gironde;7828;1696;1371;10896;0.021;0.021;0.022;0.021;669;1956;4684;803;1132;1699;0.061;0.179;0.428;0.073;0.103;0.155
FR;3;FR613;Landes;2154;343;247;2745;0.005;0.006;0.004;0.004;113;1198;943;119;104;198;0.042;0.448;0.353;0.045;0.039;0.074
FR;3;FR614;Lot-et-Garonne;1938;302;232;2472;0.005;0.005;0.004;0.004;53;578;861;189;295;437;0.022;0.239;0.357;0.078;0.122;0.181
FR;3;FR615;Pyrénées-Atlantiques;3501;671;559;4731;0.009;0.009;0.009;0.009;189;983;2032;337;481;690;0.04;0.209;0.431;0.072;0.102;0.146
FR;2;FR62;Midi-Pyrénées;17251;2983;2599;22834;0.044;0.046;0.038;0.04;469;5278;8688;1833;2573;3719;0.021;0.234;0.385;0.081;0.114;0.165
FR;3;FR621;Ariège;1237;116;119;1471;0.003;0.003;0.001;0.002;7;701;486;58;57;94;0.005;0.499;0.347;0.041;0.04;0.067
FR;3;FR622;Aveyron;2085;245;214;2544;0.005;0.006;0.003;0.003;15;997;756;169;214;322;0.006;0.403;0.306;0.068;0.086;0.13
FR;3;FR623;Haute-Garonne;6410;1595;1387;9392;0.018;0.017;0.02;0.022;341;883;4418;883;1263;1767;0.036;0.092;0.462;0.092;0.132;0.185
FR;3;FR624;Gers;1166;148;133;1448;0.003;0.003;0.002;0.002;8;308;482;120;196;281;0.006;0.221;0.345;0.086;0.141;0.202
FR;3;FR625;Lot;1239;145;126;1511;0.003;0.003;0.002;0.002;8;715;469;77;70;123;0.005;0.489;0.321;0.053;0.048;0.084
FR;3;FR626;Hautes-Pyrénées;1600;210;192;2002;0.004;0.004;0.003;0.003;15;565;774;128;193;272;0.008;0.29;0.398;0.066;0.099;0.14
FR;3;FR627;Tarn;2163;316;265;2744;0.005;0.006;0.004;0.004;64;770;787;230;324;485;0.024;0.289;0.296;0.086;0.122;0.182
FR;3;FR628;Tarn-et-Garonne;1351;209;162;1722;0.003;0.004;0.003;0.003;10;340;516;169;256;374;0.006;0.204;0.31;0.101;0.154;0.224
FR;2;FR63;Limousin;5309;639;629;6577;0.013;0.014;0.008;0.01;226;2278;1293;595;817;1176;0.035;0.357;0.203;0.093;0.128;0.184
FR;3;FR631;Corrèze;1803;215;208;2225;0.004;0.005;0.003;0.003;13;973;432;200;216;336;0.006;0.448;0.199;0.092;0.1;0.155
FR;3;FR632;Creuse;1021;89;91;1201;0.002;0.003;0.001;0.001;95;576;279;33;63;91;0.083;0.507;0.245;0.029;0.055;0.08
FR;3;FR633;Haute-Vienne;2485;335;331;3151;0.006;0.007;0.004;0.005;119;729;583;362;538;749;0.039;0.237;0.189;0.118;0.175;0.243
FR;1;FR7;CENTRE-EST;47260;8567;7385;63213;0.123;0.127;0.11;0.115;2234;11122;27356;4788;7466;10184;0.035;0.176;0.433;0.076;0.118;0.161
FR;2;FR71;Rhône-Alpes;37190;7294;6141;50624;0.098;0.1;0.094;0.096;2087;7718;23179;3800;5959;8074;0.041;0.152;0.456;0.075;0.117;0.159
FR;3;FR711;Ain;3312;553;403;4268;0.008;0.009;0.007;0.006;58;956;1677;313;489;709;0.014;0.228;0.399;0.075;0.116;0.169
FR;3;FR712;Ardèche;2307;236;230;2774;0.005;0.006;0.003;0.004;57;1055;926;137;200;292;0.022;0.396;0.347;0.051;0.075;0.109
FR;3;FR713;Drôme;2859;521;398;3779;0.007;0.008;0.007;0.006;189;1138;1452;231;296;472;0.05;0.301;0.384;0.061;0.078;0.125
FR;3;FR714;Isère;6928;1256;1202;9386;0.018;0.019;0.016;0.019;473;1392;4232;699;1115;1518;0.05;0.148;0.449;0.074;0.118;0.161
FR;3;FR715;Loire;4307;706;635;5648;0.011;0.012;0.009;0.01;136;791;2512;425;743;979;0.024;0.142;0.45;0.076;0.133;0.175
FR;3;FR716;Rhône;8750;2683;2139;13572;0.026;0.023;0.034;0.033;638;643;7487;1230;1720;2308;0.045;0.046;0.534;0.088;0.123;0.165
FR;3;FR717;Savoie;3227;531;433;4191;0.008;0.009;0.007;0.007;275;826;1706;285;458;630;0.066;0.198;0.408;0.068;0.11;0.151
FR;3;FR718;Haute-Savoie;5501;807;699;7007;0.014;0.015;0.01;0.011;261;916;3188;480;937;1167;0.038;0.132;0.459;0.069;0.135;0.168
FR;2;FR72;Auvergne;10070;1273;1245;12589;0.024;0.027;0.016;0.019;148;3405;4177;989;1507;2110;0.012;0.276;0.339;0.08;0.122;0.171
FR;3;FR721;Allier;2502;302;277;3081;0.006;0.007;0.004;0.004;19;667;1068;244;414;576;0.006;0.223;0.358;0.082;0.138;0.193
FR;3;FR722;Cantal;1341;127;132;1600;0.003;0.004;0.002;0.002;9;630;209;161;222;313;0.006;0.408;0.135;0.104;0.144;0.203
FR;3;FR723;Haute-Loire;1750;178;164;2092;0.004;0.005;0.002;0.003;11;788;630;130;184;268;0.006;0.392;0.313;0.065;0.091;0.134
FR;3;FR724;Puy-de-Dôme;4478;667;671;5816;0.011;0.012;0.009;0.01;109;1320;2270;454;688;953;0.019;0.228;0.392;0.078;0.119;0.164
FR;1;FR8;MÉDITERRANÉE;45476;9248;7228;61952;0.12;0.122;0.119;0.113;2983;9737;27033;4696;7069;9672;0.049;0.159;0.442;0.077;0.116;0.158
FR;2;FR81;Languedoc-Roussillon;15735;2660;2160;20555;0.04;0.042;0.034;0.034;419;4171;8086;1550;2437;3360;0.021;0.208;0.404;0.077;0.122;0.168
FR;3;FR811;Aude;2170;319;240;2730;0.005;0.006;0.004;0.004;19;767;1002;180;263;385;0.007;0.293;0.383;0.069;0.1;0.147
FR;3;FR812;Gard;3828;662;513;5002;0.01;0.01;0.008;0.008;104;1077;1967;365;558;790;0.021;0.222;0.405;0.075;0.115;0.163
FR;3;FR813;Hérault;5466;1185;935;7586;0.015;0.015;0.015;0.015;84;975;3397;658;1006;1380;0.011;0.13;0.453;0.088;0.134;0.184
FR;3;FR814;Lozère;744;63;75;882;0.002;0.002;0.001;0.001;32;587;69;55;40;67;0.038;0.691;0.081;0.065;0.047;0.079
FR;3;FR815;Pyrénées-Orientales;3527;432;397;4356;0.008;0.009;0.006;0.006;180;765;1651;293;571;737;0.043;0.182;0.393;0.07;0.136;0.176
FR;2;FR82;Provence-Alpes-Côte d'Azur;28287;6299;4852;39438;0.077;0.076;0.081;0.076;2544;4777;18783;2872;4365;5905;0.065;0.122;0.479;0.073;0.111;0.15
FR;3;FR821;Alpes-de-Haute-Provence;1436;148;156;1740;0.003;0.004;0.002;0.002;12;830;555;82;81;122;0.007;0.494;0.33;0.049;0.048;0.072
FR;3;FR822;Hautes-Alpes;1323;149;141;1613;0.003;0.004;0.002;0.002;16;543;414;128;209;253;0.01;0.347;0.265;0.082;0.134;0.162
FR;3;FR823;Alpes-Maritimes;6939;1470;1210;9619;0.019;0.019;0.019;0.019;420;730;5248;665;1197;1359;0.044;0.076;0.546;0.069;0.124;0.141
FR;3;FR824;Bouches-du-Rhône;9729;2713;2093;14536;0.028;0.026;0.035;0.033;1751;777;7498;1070;1430;2168;0.119;0.053;0.51;0.073;0.097;0.148
FR;3;FR825;Var;5655;1141;774;7570;0.015;0.015;0.015;0.012;281;1220;3288;541;866;1165;0.038;0.166;0.447;0.074;0.118;0.158
FR;3;FR826;Vaucluse;3205;679;477;4361;0.008;0.009;0.009;0.007;63;677;1781;387;583;839;0.015;0.156;0.411;0.089;0.135;0.194
FR;2;FR83;Corse;1455;289;216;1959;0.004;0.004;0.004;0.003;20;788;164;273;267;407;0.011;0.411;0.086;0.142;0.139;0.212
FR;3;FR831;Corse-du-Sud;586;145;100;832;0.002;0.002;0.002;0.002;9;394;70;120;84;148;0.01;0.479;0.084;0.145;0.102;0.179
FR;3;FR832;Haute-Corse;869;143;116;1128;0.002;0.002;0.002;0.002;12;394;95;154;183;259;0.011;0.359;0.086;0.14;0.167;0.236
FR;1;FRA;DÉPARTEMENTS D'OUTRE-MER;3416;1973;823;6212;0.012;0.009;0.025;0.013;67;1108;545;1373;940;1983;0.011;0.184;0.091;0.228;0.156;0.33
FR;2;FRA1;Guadeloupe;1319;248;218;1786;0.003;0.004;0.003;0.003;15;359;142;308;360;543;0.009;0.208;0.082;0.178;0.208;0.315
FR;3;FRA10;Guadeloupe;1319;248;218;1786;0.003;0.004;0.003;0.003;15;359;142;308;360;543;0.009;0.208;0.082;0.178;0.208;0.315
FR;2;FRA2;Martinique;1022;234;188;1443;0.003;0.003;0.003;0.003;15;227;125;267;308;460;0.011;0.162;0.089;0.19;0.22;0.328
FR;3;FRA20;Martinique;1022;234;188;1443;0.003;0.003;0.003;0.003;15;227;125;267;308;460;0.011;0.162;0.089;0.19;0.22;0.328
FR;2;FRA3;Guyane;180;244;69;493;0.001;0;0.003;0.001;5;173;41;113;14;121;0.011;0.371;0.088;0.242;0.029;0.259
FR;3;FRA30;Guyane;180;244;69;493;0.001;0;0.003;0.001;5;173;41;113;14;121;0.011;0.371;0.088;0.242;0.029;0.259
FR;2;FRA4;La Réunion;683;920;261;1864;0.004;0.002;0.012;0.004;22;272;170;506;187;635;0.012;0.152;0.095;0.282;0.104;0.354
FR;3;FRA40;La Réunion;683;920;261;1864;0.004;0.002;0.012;0.004;22;272;170;506;187;635;0.012;0.152;0.095;0.282;0.104;0.354
FR;2;FRA5;Mayotte;213;327;87;627;0.001;0.001;0.004;0.001;10;78;66;179;72;223;0.016;0.124;0.106;0.285;0.114;0.356
FR;3;FRA50;Mayotte;213;327;87;627;0.001;0.001;0.004;0.001;10;78;66;179;72;223;0.016;0.124;0.106;0.285;0.114;0.356
FR;1;FRZ;EXTRA-REGIO NUTS 1;;;;;;;;;;;;;;;;;;;;
FR;2;FRZZ;Extra-Regio NUTS 2;;;;;;;;;;;;;;;;;;;;
FR;3;FRZZZ;Extra-Regio NUTS 3;;;;;;;;;;;;;;;;;;;;
HR;0;HR;HRVATSKA;14861;2481;883;18226;1;1;1;1;2347;4061;6857;758;1982;2222;0.129;0.223;0.376;0.042;0.109;0.122
HR;1;HR0;HRVATSKA;14861;2481;883;18226;1;1;1;1;2347;4061;6857;758;1982;2222;0.129;0.223;0.376;0.042;0.109;0.122
HR;2;HR03;Jadranska Hrvatska;5486;811;244;6541;0.359;0.369;0.327;0.276;238;1647;2303;324;910;1022;0.037;0.256;0.357;0.05;0.141;0.159
HR;3;HR031;Primorsko-goranska županija;1197;192;58;1447;0.079;0.081;0.077;0.065;57;413;532;75;173;212;0.039;0.282;0.364;0.051;0.118;0.145
HR;3;HR032;Li?ko-senjska županija;316;22;9;347;0.019;0.021;0.009;0.011;14;202;87;7;8;12;0.043;0.611;0.262;0.022;0.025;0.037
HR;3;HR033;Zadarska županija;770;86;29;885;0.049;0.052;0.035;0.032;23;202;301;38;142;144;0.027;0.238;0.354;0.045;0.167;0.169
HR;3;HR034;Šibensko-kninska županija;513;52;16;581;0.032;0.035;0.021;0.018;15;117;208;22;98;96;0.027;0.211;0.374;0.04;0.176;0.172
HR;3;HR035;Splitsko-dalmatinska županija;1470;225;70;1764;0.097;0.099;0.091;0.079;77;341;623;89;279;310;0.045;0.198;0.362;0.052;0.162;0.18
HR;3;HR036;Istarska županija;839;151;41;1031;0.057;0.056;0.061;0.046;36;263;381;60;139;164;0.035;0.252;0.365;0.057;0.133;0.158
HR;3;HR037;Dubrova?ko-neretvanska županija;380;84;21;486;0.027;0.026;0.034;0.024;15;109;172;33;71;85;0.03;0.225;0.356;0.068;0.146;0.175
HR;2;HR04;Kontinentalna Hrvatska;9376;1670;639;11685;0.641;0.631;0.673;0.724;2109;2415;4553;434;1072;1199;0.179;0.205;0.386;0.037;0.091;0.102
HR;3;HR041;Grad Zagreb;2923;887;337;4147;0.228;0.197;0.358;0.381;1652;207;1677;188;281;391;0.376;0.047;0.382;0.043;0.064;0.089
HR;3;HR042;Zagreba?ka županija;952;152;40;1145;0.063;0.064;0.061;0.046;66;276;456;44;139;147;0.059;0.245;0.404;0.039;0.123;0.13
HR;3;HR043;Krapinsko-zagorska županija;428;43;17;488;0.027;0.029;0.017;0.02;7;118;195;17;68;65;0.014;0.251;0.414;0.036;0.146;0.139
HR;3;HR044;Varaždinska županija;535;69;29;633;0.035;0.036;0.028;0.033;12;134;259;28;98;97;0.018;0.213;0.413;0.045;0.155;0.155
HR;3;HR045;Koprivni?ko-križeva?ka županija;360;42;16;418;0.023;0.024;0.017;0.018;6;124;170;17;50;51;0.015;0.297;0.406;0.04;0.12;0.123
HR;3;HR046;Me?imurska županija;308;44;16;368;0.02;0.021;0.018;0.018;6;54;148;18;72;69;0.016;0.148;0.403;0.05;0.195;0.188
HR;3;HR047;Bjelovarsko-bilogorska županija;383;40;17;439;0.024;0.026;0.016;0.019;7;172;174;14;28;33;0.016;0.402;0.408;0.034;0.065;0.076
HR;3;HR048;Viroviti?ko-podravska županija;254;25;10;290;0.016;0.017;0.01;0.012;4;124;113;9;13;17;0.014;0.443;0.404;0.032;0.047;0.061
HR;3;HR049;Požeško-slavonska županija;239;25;11;275;0.015;0.016;0.01;0.012;4;132;101;9;7;13;0.015;0.497;0.379;0.033;0.028;0.048
HR;3;HR04A;Brodsko-posavska županija;435;48;20;504;0.028;0.029;0.019;0.023;9;144;199;19;58;59;0.018;0.296;0.409;0.038;0.118;0.121
HR;3;HR04B;Osje?ko-baranjska županija;970;132;53;1156;0.063;0.065;0.053;0.061;161;244;439;27;140;132;0.141;0.213;0.384;0.024;0.123;0.115
HR;3;HR04C;Vukovarsko-srijemska županija;519;59;25;604;0.033;0.035;0.024;0.029;29;151;213;22;85;82;0.05;0.26;0.365;0.038;0.146;0.141
HR;3;HR04D;Karlova?ka županija;459;47;23;528;0.029;0.031;0.019;0.026;11;255;185;18;18;28;0.021;0.495;0.361;0.035;0.035;0.055
HR;3;HR04E;Sisa?ko-moslava?ka županija;608;57;25;690;0.038;0.041;0.023;0.028;137;280;224;4;15;15;0.203;0.414;0.332;0.006;0.023;0.022
HR;1;HRZ;EXTRA-REGIO NUTS 1;;;;;;;;;;;;;;;;;;;;
HR;2;HRZZ;Extra-Regio NUTS 2;;;;;;;;;;;;;;;;;;;;
HR;3;HRZZZ;Extra-Regio NUTS 3;;;;;;;;;;;;;;;;;;;;
IT;0;IT;ITALIA ;365218;84624;32161;482003;1;1;1;1;10633;70173;276203;27263;46084;51647;0.022;0.146;0.573;0.057;0.096;0.107
IT;1;ITC;NORD-OVEST;105632;26865;9810;142307;0.295;0.289;0.317;0.305;4088;19679;87113;6649;12637;14918;0.028;0.136;0.6;0.046;0.087;0.103
IT;2;ITC1;Piemonte;30633;6179;2493;39305;0.082;0.084;0.073;0.078;1434;6672;22676;2118;3161;3472;0.036;0.169;0.574;0.054;0.08;0.088
IT;3;ITC11;Torino;15516;3381;1441;20337;0.042;0.042;0.04;0.045;1143;3236;12566;697;1364;1646;0.055;0.157;0.609;0.034;0.066;0.08
IT;3;ITC12;Vercelli;1309;221;94;1624;0.003;0.004;0.003;0.003;34;303;902;114;129;127;0.021;0.188;0.561;0.071;0.08;0.079
IT;3;ITC13;Biella;1492;241;95;1828;0.004;0.004;0.003;0.003;13;320;732;187;276;276;0.007;0.177;0.406;0.103;0.153;0.153
IT;3;ITC14;Verbano-Cusio-Ossola;1421;207;96;1724;0.004;0.004;0.002;0.003;7;487;855;109;125;127;0.004;0.285;0.5;0.064;0.073;0.074
IT;3;ITC15;Novara;2471;462;176;3109;0.006;0.007;0.005;0.005;80;381;1846;196;294;286;0.026;0.124;0.599;0.063;0.095;0.093
IT;3;ITC16;Cuneo;3934;762;292;4988;0.01;0.011;0.009;0.009;125;1090;2618;361;410;438;0.025;0.216;0.519;0.072;0.081;0.087
IT;3;ITC17;Asti;1506;259;95;1860;0.004;0.004;0.003;0.003;9;257;984;170;209;197;0.005;0.141;0.539;0.093;0.115;0.108
IT;3;ITC18;Alessandria;2984;647;204;3834;0.008;0.008;0.008;0.006;24;598;2172;285;353;376;0.006;0.157;0.57;0.075;0.093;0.099
IT;2;ITC2;Valle d'Aosta/Vallée d'Aoste;1019;264;110;1393;0.003;0.003;0.003;0.003;7;432;764;60;75;121;0.005;0.296;0.524;0.041;0.051;0.083
IT;3;ITC20;Valle d'Aosta/Vallée d'Aoste;1019;264;110;1393;0.003;0.003;0.003;0.003;7;432;764;60;75;121;0.005;0.296;0.524;0.041;0.051;0.083
IT;2;ITC3;Liguria;10086;2584;942;13613;0.028;0.028;0.031;0.029;90;3260;8313;383;715;1117;0.007;0.235;0.599;0.028;0.052;0.08
IT;3;ITC31;Imperia;1152;265;92;1509;0.003;0.003;0.003;0.003;8;443;828;56;72;114;0.005;0.291;0.544;0.037;0.047;0.075
IT;3;ITC32;Savona;1723;387;134;2244;0.005;0.005;0.005;0.004;15;706;1264;63;86;151;0.007;0.309;0.553;0.028;0.038;0.066
IT;3;ITC33;Genova;6012;1611;592;8215;0.017;0.016;0.019;0.018;58;1666;5255;209;486;732;0.007;0.198;0.625;0.025;0.058;0.087
IT;3;ITC34;La Spezia;1199;321;125;1644;0.003;0.003;0.004;0.004;9;444;965;55;71;120;0.005;0.267;0.58;0.033;0.043;0.072
IT;2;ITC4;Lombardia;63894;17838;6265;87996;0.183;0.175;0.211;0.195;2557;9316;55360;4089;8686;10208;0.028;0.103;0.614;0.045;0.096;0.113
IT;3;ITC41;Varese;5827;1209;445;7481;0.016;0.016;0.014;0.014;91;912;4407;434;808;843;0.012;0.122;0.588;0.058;0.108;0.112
IT;3;ITC42;Como;4065;842;312;5219;0.011;0.011;0.01;0.01;42;835;3104;267;468;518;0.008;0.16;0.593;0.051;0.089;0.099
IT;3;ITC43;Lecco;2265;405;160;2830;0.006;0.006;0.005;0.005;18;534;1752;113;204;228;0.006;0.187;0.615;0.04;0.072;0.08
IT;3;ITC44;Sondrio;2013;394;156;2563;0.005;0.006;0.005;0.005;32;676;1022;230;302;358;0.012;0.258;0.39;0.088;0.115;0.137
IT;3;ITC46;Bergamo;8394;1476;626;10495;0.022;0.023;0.017;0.019;89;1738;6477;444;920;977;0.008;0.163;0.608;0.042;0.086;0.092
IT;3;ITC47;Brescia;8457;1716;662;10835;0.022;0.023;0.02;0.021;243;1860;6357;559;912;1026;0.022;0.17;0.58;0.051;0.083;0.094
IT;3;ITC48;Pavia;3563;651;255;4469;0.009;0.01;0.008;0.008;88;485;2567;318;474;448;0.02;0.111;0.586;0.073;0.108;0.102
IT;3;ITC49;Lodi;1337;300;98;1736;0.004;0.004;0.004;0.003;222;104;1053;79;133;130;0.129;0.061;0.612;0.046;0.077;0.075
IT;3;ITC4A;Cremona;2335;482;171;2987;0.006;0.006;0.006;0.005;38;168;1823;198;381;363;0.013;0.056;0.614;0.067;0.128;0.122
IT;3;ITC4B;Mantova;2733;545;184;3462;0.007;0.007;0.006;0.006;263;167;1863;317;438;387;0.077;0.049;0.542;0.092;0.127;0.113
IT;3;ITC4C;Milano;18002;8658;2794;29453;0.061;0.049;0.102;0.087;1373;1472;20735;852;2855;4115;0.044;0.047;0.66;0.027;0.091;0.131
IT;3;ITC4D;Monza e della Brianza;4903;1161;401;6465;0.013;0.013;0.014;0.012;60;365;4202;277;791;815;0.009;0.056;0.645;0.043;0.121;0.125
IT;1;ITF;SUD;71720;13463;5474;90657;0.188;0.196;0.159;0.17;1836;12616;49808;5525;8885;8864;0.021;0.144;0.569;0.063;0.102;0.101
IT;2;ITF1;Abruzzo;8005;1435;645;10085;0.021;0.022;0.017;0.02;103;1841;5635;657;866;880;0.01;0.184;0.565;0.066;0.087;0.088
IT;3;ITF11;L'Aquila;2149;324;193;2666;0.006;0.006;0.004;0.006;11;679;1390;178;203;198;0.004;0.255;0.523;0.067;0.076;0.075
IT;3;ITF12;Teramo;1917;330;135;2382;0.005;0.005;0.004;0.004;12;451;1334;148;196;206;0.005;0.192;0.568;0.063;0.084;0.088
IT;3;ITF13;Pescara;1778;383;158;2319;0.005;0.005;0.005;0.005;13;327;1356;132;222;241;0.006;0.143;0.592;0.058;0.097;0.105
IT;3;ITF14;Chieti;2161;398;159;2719;0.006;0.006;0.005;0.005;68;383;1555;198;244;235;0.025;0.143;0.58;0.074;0.091;0.088
IT;2;ITF2;Molise;2001;295;149;2445;0.005;0.005;0.003;0.005;24;512;1263;179;206;194;0.01;0.215;0.531;0.075;0.086;0.082
IT;3;ITF21;Isernia;597;78;43;718;0.001;0.002;0.001;0.001;8;191;339;50;56;51;0.012;0.274;0.487;0.073;0.081;0.073
IT;3;ITF22;Campobasso;1404;217;106;1727;0.004;0.004;0.003;0.003;15;321;924;129;149;143;0.009;0.191;0.549;0.077;0.089;0.085
IT;2;ITF3;Campania;27592;5624;2236;35452;0.074;0.076;0.066;0.07;692;4378;20462;1764;3372;3518;0.02;0.128;0.599;0.052;0.099;0.103
IT;3;ITF31;Caserta;4329;739;304;5372;0.011;0.012;0.009;0.009;408;791;2970;266;333;328;0.08;0.155;0.583;0.052;0.065;0.064
IT;3;ITF32;Benevento;1734;236;113;2082;0.004;0.005;0.003;0.004;8;270;1095;183;220;189;0.004;0.138;0.557;0.093;0.112;0.096
IT;3;ITF33;Napoli;13057;3286;1225;17568;0.036;0.036;0.039;0.038;227;1143;10938;675;2015;2150;0.013;0.067;0.638;0.039;0.118;0.125
IT;3;ITF34;Avellino;2843;361;182;3386;0.007;0.008;0.004;0.006;14;571;1770;271;320;283;0.004;0.177;0.548;0.084;0.099;0.088
IT;3;ITF35;Salerno;5629;1002;413;7044;0.015;0.015;0.012;0.013;36;1603;3688;369;483;567;0.005;0.238;0.547;0.055;0.072;0.084
IT;2;ITF4;Puglia;21024;3840;1527;26391;0.055;0.058;0.045;0.047;788;2087;14473;1871;3174;2951;0.031;0.082;0.571;0.074;0.125;0.116
IT;3;ITF43;Taranto;3163;504;231;3898;0.008;0.009;0.006;0.007;94;369;2109;280;466;424;0.025;0.099;0.564;0.075;0.125;0.113
IT;3;ITF44;Brindisi;2086;358;140;2584;0.005;0.006;0.004;0.004;307;111;1376;212;267;209;0.123;0.045;0.554;0.086;0.108;0.084
IT;3;ITF45;Lecce;4245;702;257;5205;0.011;0.012;0.008;0.008;31;176;2686;573;771;648;0.006;0.036;0.55;0.117;0.158;0.133
IT;3;ITF46;Foggia;3217;565;232;4014;0.008;0.009;0.007;0.007;211;651;1969;251;384;395;0.055;0.169;0.51;0.065;0.099;0.102
IT;3;ITF47;Bari;6436;1377;536;8349;0.017;0.018;0.016;0.017;119;612;5025;432;976;978;0.015;0.075;0.617;0.053;0.12;0.12
IT;3;ITF48;Barletta-Andria-Trani;1877;333;131;2341;0.005;0.005;0.004;0.004;27;167;1309;122;310;297;0.012;0.075;0.586;0.055;0.139;0.133
IT;2;ITF5;Basilicata;3120;475;225;3820;0.008;0.009;0.006;0.007;20;1039;1891;235;269;271;0.005;0.279;0.508;0.063;0.072;0.073
IT;3;ITF51;Potenza;2272;321;164;2757;0.006;0.006;0.004;0.005;16;764;1343;179;203;196;0.006;0.283;0.497;0.066;0.075;0.073
IT;3;ITF52;Matera;848;154;61;1063;0.002;0.002;0.002;0.002;5;276;548;56;66;75;0.004;0.269;0.535;0.054;0.064;0.073
IT;2;ITF6;Calabria;9978;1794;691;12464;0.026;0.027;0.021;0.021;209;2758;6083;820;999;1049;0.018;0.231;0.51;0.069;0.084;0.088
IT;3;ITF61;Cosenza;3402;674;229;4305;0.009;0.009;0.008;0.007;174;1141;2041;218;255;290;0.042;0.277;0.496;0.053;0.062;0.07
IT;3;ITF62;Crotone;727;130;49;906;0.002;0.002;0.002;0.002;4;201;481;56;64;68;0.004;0.229;0.551;0.064;0.073;0.078
IT;3;ITF63;Catanzaro;1690;330;138;2158;0.004;0.005;0.004;0.004;9;469;1147;137;156;170;0.004;0.225;0.549;0.066;0.075;0.081
IT;3;ITF64;Vibo Valentia;929;138;59;1126;0.002;0.003;0.002;0.002;4;198;552;99;113;105;0.004;0.185;0.516;0.092;0.105;0.098
IT;3;ITF65;Reggio di Calabria;3231;522;217;3969;0.008;0.009;0.006;0.007;18;750;1861;311;411;416;0.005;0.199;0.494;0.083;0.109;0.111
IT;1;ITG;ISOLE;34199;6518;2591;43307;0.09;0.094;0.077;0.081;595;6091;21036;3462;5203;5293;0.014;0.146;0.505;0.083;0.125;0.127
IT;2;ITG1;Sicilia;25643;4926;1934;32503;0.067;0.07;0.058;0.06;338;3600;17899;2275;3612;3530;0.011;0.115;0.573;0.073;0.116;0.113
IT;3;ITG11;Trapani;1863;363;128;2354;0.005;0.005;0.004;0.004;10;150;1256;213;313;287;0.004;0.067;0.563;0.096;0.14;0.129
IT;3;ITG12;Palermo;6884;1274;575;8733;0.018;0.019;0.015;0.018;224;924;4816;517;982;967;0.027;0.11;0.571;0.061;0.116;0.115
IT;3;ITG13;Messina;3620;632;279;4531;0.009;0.01;0.007;0.009;23;867;2460;274;365;389;0.005;0.198;0.562;0.063;0.083;0.089
IT;3;ITG14;Agrigento;2841;425;172;3438;0.007;0.008;0.005;0.005;15;271;1866;291;435;374;0.005;0.083;0.574;0.089;0.134;0.115
IT;3;ITG15;Caltanissetta;1398;238;97;1733;0.004;0.004;0.003;0.003;8;192;942;136;199;184;0.005;0.116;0.567;0.082;0.12;0.111
IT;3;ITG16;Enna;970;148;67;1185;0.002;0.003;0.002;0.002;4;147;624;111;131;114;0.004;0.13;0.552;0.098;0.116;0.101
IT;3;ITG17;Catania;4423;1161;356;5940;0.012;0.012;0.014;0.011;35;700;3473;309;564;640;0.006;0.122;0.607;0.054;0.099;0.112
IT;3;ITG18;Ragusa;1727;336;113;2175;0.005;0.005;0.004;0.004;9;149;1165;209;304;279;0.004;0.071;0.55;0.099;0.144;0.132
IT;3;ITG19;Siracusa;1916;350;147;2413;0.005;0.005;0.004;0.005;11;199;1297;215;319;294;0.005;0.085;0.555;0.092;0.137;0.126
IT;2;ITG2;Sardegna;8556;1592;657;10804;0.022;0.023;0.019;0.02;256;2490;3137;1188;1591;1763;0.025;0.239;0.301;0.114;0.153;0.169
IT;3;ITG25;Sassari;1777;325;135;2238;0.005;0.005;0.004;0.004;11;573;534;259;372;417;0.005;0.264;0.247;0.12;0.172;0.192
IT;3;ITG26;Nuoro;914;128;64;1106;0.002;0.003;0.002;0.002;43;380;218;125;139;148;0.04;0.361;0.207;0.119;0.132;0.141
IT;3;ITG27;Cagliari;2662;586;254;3503;0.007;0.007;0.007;0.008;179;670;907;374;600;699;0.052;0.195;0.264;0.109;0.175;0.204
IT;3;ITG28;Oristano;985;133;59;1177;0.002;0.003;0.002;0.002;9;191;466;146;159;139;0.008;0.172;0.42;0.131;0.143;0.125
IT;3;ITG29;Olbia-Tempio;774;199;59;1032;0.002;0.002;0.002;0.002;4;354;356;79;93;143;0.004;0.344;0.346;0.077;0.09;0.139
IT;3;ITG2A;Ogliastra;296;47;20;364;0.001;0.001;0.001;0.001;1;131;42;51;56;65;0.004;0.379;0.121;0.147;0.163;0.186
IT;3;ITG2B;Medio Campidano;516;77;26;619;0.001;0.001;0.001;0.001;6;54;263;82;91;76;0.011;0.095;0.459;0.144;0.159;0.132
IT;3;ITG2C;Carbonia-Iglesias;631;96;39;766;0.002;0.002;0.001;0.001;3;137;353;72;82;77;0.004;0.19;0.487;0.099;0.113;0.107
IT;1;ITH;NORD-EST;83695;19100;7071;109866;0.228;0.229;0.226;0.22;2334;15725;62504;6908;11195;12282;0.021;0.142;0.563;0.062;0.101;0.111
IT;2;ITH1;Provincia Autonoma di Bolzano/Bozen;4236;1099;496;5832;0.012;0.012;0.013;0.015;52;1735;3015;300;370;597;0.008;0.286;0.497;0.049;0.061;0.098
IT;3;ITH10;Bolzano-Bozen;4236;1099;496;5832;0.012;0.012;0.013;0.015;52;1735;3015;300;370;597;0.008;0.286;0.497;0.049;0.061;0.098
IT;2;ITH2;Provincia Autonoma di Trento;4251;927;434;5612;0.012;0.012;0.011;0.013;79;1867;2794;250;313;478;0.014;0.323;0.483;0.043;0.054;0.083
IT;3;ITH20;Trento;4251;927;434;5612;0.012;0.012;0.011;0.013;79;1867;2794;250;313;478;0.014;0.323;0.483;0.043;0.054;0.083
IT;2;ITH3;Veneto;34889;7859;2699;45446;0.094;0.096;0.093;0.084;531;4245;25270;3497;5937;6071;0.012;0.093;0.555;0.077;0.13;0.133
IT;3;ITH31;Verona;6295;1617;514;8426;0.017;0.017;0.019;0.016;146;812;4954;526;971;1062;0.017;0.096;0.585;0.062;0.115;0.125
IT;3;ITH32;Vicenza;6034;1213;410;7657;0.016;0.017;0.014;0.013;57;1112;3703;652;1044;1100;0.007;0.145;0.483;0.085;0.136;0.143
IT;3;ITH33;Belluno;2240;313;154;2707;0.006;0.006;0.004;0.005;27;865;1146;207;239;258;0.01;0.315;0.418;0.076;0.087;0.094
IT;3;ITH34;Treviso;6459;1256;464;8179;0.017;0.018;0.015;0.014;40;642;4834;658;1026;959;0.005;0.079;0.593;0.081;0.126;0.118
IT;3;ITH35;Venezia;5657;1551;502;7710;0.016;0.015;0.018;0.016;128;348;4609;492;1066;1134;0.017;0.045;0.593;0.063;0.137;0.146
IT;3;ITH36;Padova;6445;1581;537;8563;0.018;0.018;0.019;0.017;74;394;4848;724;1262;1271;0.009;0.046;0.565;0.084;0.147;0.148
IT;3;ITH37;Rovigo;1758;329;116;2203;0.005;0.005;0.004;0.004;59;73;1176;238;330;287;0.027;0.034;0.544;0.11;0.153;0.133
IT;2;ITH4;Friuli-Venezia Giulia;9560;1781;809;12149;0.025;0.026;0.021;0.025;234;2064;6986;780;1022;1053;0.019;0.17;0.576;0.064;0.084;0.087
IT;3;ITH41;Pordenone;2548;387;197;3133;0.006;0.007;0.005;0.006;13;549;1752;246;287;268;0.004;0.176;0.562;0.079;0.092;0.086
IT;3;ITH42;Udine;4330;764;344;5439;0.011;0.012;0.009;0.011;30;1097;2957;403;456;468;0.006;0.203;0.547;0.074;0.084;0.086
IT;3;ITH43;Gorizia;970;198;78;1246;0.003;0.003;0.002;0.002;37;147;754;63;118;122;0.03;0.118;0.608;0.051;0.095;0.098
IT;3;ITH44;Trieste;1711;432;189;2332;0.005;0.005;0.005;0.006;153;271;1523;68;162;195;0.065;0.114;0.642;0.029;0.068;0.082
IT;2;ITH5;Emilia-Romagna;30760;7433;2634;40827;0.085;0.084;0.088;0.082;1438;5814;24439;2081;3553;4084;0.035;0.14;0.59;0.05;0.086;0.099
IT;3;ITH51;Piacenza;2243;475;167;2884;0.006;0.006;0.006;0.005;293;459;1570;176;202;196;0.101;0.158;0.542;0.061;0.07;0.068
IT;3;ITH52;Parma;3444;689;292;4425;0.009;0.009;0.008;0.009;49;1035;2644;198;251;320;0.011;0.23;0.588;0.044;0.056;0.071
IT;3;ITH53;Reggio nell'Emilia;3561;800;277;4638;0.01;0.01;0.009;0.009;98;678;2667;280;458;509;0.021;0.145;0.569;0.06;0.098;0.109
IT;3;ITH54;Modena;4750;1113;371;6233;0.013;0.013;0.013;0.012;70;872;3668;335;649;737;0.011;0.138;0.579;0.053;0.103;0.116
IT;3;ITH55;Bologna;6835;2017;739;9590;0.02;0.019;0.024;0.023;208;1363;6010;361;847;1113;0.021;0.138;0.607;0.036;0.086;0.112
IT;3;ITH56;Ferrara;2584;473;178;3235;0.007;0.007;0.006;0.006;322;150;1863;218;342;295;0.101;0.047;0.584;0.068;0.107;0.093
IT;3;ITH57;Ravenna;2688;647;214;3549;0.007;0.007;0.008;0.007;328;296;2160;199;293;297;0.092;0.083;0.604;0.056;0.082;0.083
IT;3;ITH58;Forlì-Cesena;2545;646;206;3396;0.007;0.007;0.008;0.006;34;692;2025;167;216;290;0.01;0.202;0.591;0.049;0.063;0.085
IT;3;ITH59;Rimini;2111;573;191;2875;0.006;0.006;0.007;0.006;36;269;1833;148;295;326;0.012;0.093;0.631;0.051;0.101;0.112
IT;1;ITI;CENTRO (IT);69973;18679;7215;95866;0.199;0.192;0.221;0.224;1780;16062;55742;4718;8164;10290;0.018;0.166;0.576;0.049;0.084;0.106
IT;2;ITI1;Toscana;24024;5828;2104;31957;0.066;0.066;0.069;0.065;463;7116;17803;1568;2211;2967;0.014;0.221;0.554;0.049;0.069;0.092
IT;3;ITI11;Massa-Carrara;1457;262;107;1826;0.004;0.004;0.003;0.003;8;441;961;115;133;145;0.004;0.245;0.533;0.064;0.074;0.08
IT;3;ITI12;Lucca;2638;573;201;3412;0.007;0.007;0.007;0.006;67;691;1863;230;261;289;0.02;0.203;0.548;0.067;0.077;0.085
IT;3;ITI13;Pistoia;1955;388;137;2480;0.005;0.005;0.005;0.004;20;521;1384;138;172;204;0.008;0.214;0.567;0.056;0.071;0.084
IT;3;ITI14;Firenze;6329;1901;689;8920;0.019;0.017;0.022;0.021;96;1836;5414;328;566;892;0.011;0.201;0.593;0.036;0.062;0.098
IT;3;ITI15;Prato;1492;386;121;2000;0.004;0.004;0.005;0.004;12;319;1010;114;247;302;0.006;0.159;0.504;0.057;0.123;0.151
IT;3;ITI16;Livorno;2060;508;182;2751;0.006;0.006;0.006;0.006;181;492;1676;80;138;199;0.065;0.178;0.606;0.029;0.05;0.072
IT;3;ITI17;Pisa;2552;621;237;3410;0.007;0.007;0.007;0.007;21;699;2012;172;227;300;0.006;0.204;0.586;0.05;0.066;0.088
IT;3;ITI18;Arezzo;2462;460;171;3093;0.006;0.007;0.005;0.005;13;780;1608;193;224;257;0.004;0.254;0.523;0.063;0.073;0.084
IT;3;ITI19;Siena;1739;439;153;2331;0.005;0.005;0.005;0.005;13;678;1243;102;125;189;0.006;0.288;0.529;0.044;0.053;0.08
IT;3;ITI1A;Grosseto;1338;290;105;1734;0.004;0.004;0.003;0.003;30;659;631;96;118;189;0.017;0.382;0.366;0.056;0.068;0.11
IT;2;ITI2;Umbria;5860;1139;458;7457;0.015;0.016;0.013;0.014;37;1878;3909;424;498;601;0.005;0.256;0.532;0.058;0.068;0.082
IT;3;ITI21;Perugia;4329;862;348;5540;0.011;0.012;0.01;0.011;28;1342;2948;322;376;449;0.005;0.246;0.539;0.059;0.069;0.082
IT;3;ITI22;Terni;1531;277;110;1918;0.004;0.004;0.003;0.003;9;536;961;102;122;152;0.005;0.285;0.511;0.054;0.065;0.081
IT;2;ITI3;Marche;10541;2035;806;13382;0.028;0.029;0.024;0.025;163;2022;7443;856;1367;1435;0.012;0.152;0.56;0.064;0.103;0.108
IT;3;ITI31;Pesaro e Urbino;2509;477;186;3172;0.007;0.007;0.006;0.006;15;523;1754;225;307;320;0.005;0.166;0.558;0.072;0.098;0.102
IT;3;ITI32;Ancona;3172;683;281;4136;0.009;0.009;0.008;0.009;116;482;2243;252;511;546;0.028;0.116;0.54;0.061;0.123;0.132
IT;3;ITI33;Macerata;2157;403;155;2715;0.006;0.006;0.005;0.005;13;477;1488;195;250;261;0.005;0.178;0.555;0.073;0.093;0.097
IT;3;ITI34;Ascoli Piceno;1609;272;116;1997;0.004;0.004;0.003;0.004;11;399;1169;93;142;157;0.006;0.202;0.593;0.047;0.072;0.079
IT;3;ITI35;Fermo;1093;199;69;1361;0.003;0.003;0.002;0.002;7;142;790;90;157;151;0.005;0.106;0.591;0.068;0.117;0.113
IT;2;ITI4;Lazio;29547;9677;3848;43071;0.089;0.081;0.114;0.12;1118;5046;26586;1871;4088;5288;0.025;0.115;0.604;0.043;0.093;0.12
IT;3;ITI41;Viterbo;2008;354;149;2511;0.005;0.005;0.004;0.005;253;413;1310;148;170;153;0.103;0.169;0.535;0.061;0.07;0.063
IT;3;ITI42;Rieti;1148;164;84;1396;0.003;0.003;0.002;0.003;4;405;628;100;113;112;0.003;0.298;0.461;0.073;0.083;0.082
IT;3;ITI43;Roma;20789;8007;3215;32010;0.066;0.057;0.095;0.1;789;3234;20864;1041;3020;4222;0.024;0.097;0.629;0.031;0.091;0.127
IT;3;ITI44;Latina;2616;600;197;3413;0.007;0.007;0.007;0.006;31;417;2009;204;337;359;0.009;0.124;0.598;0.061;0.1;0.107
IT;3;ITI45;Frosinone;2986;552;203;3740;0.008;0.008;0.007;0.006;40;576;1775;377;448;442;0.011;0.158;0.485;0.103;0.122;0.121
IT;1;ITZ;EXTRA-REGIO NUTS 1;;;;;;;;;;;;;;;;;;;;
IT;2;ITZZ;Extra-Regio NUTS 2;;;;;;;;;;;;;;;;;;;;
IT;3;ITZZZ;Extra-Regio NUTS 3;;;;;;;;;;;;;;;;;;;;
CY;0;CY;?????? (KYPROS);2111;906;130;3147;1;1;1;1;0;42;0;862;426;1816;0;0.013;0;0.274;0.135;0.577
CY;1;CY0;?????? (Kypros);2111;906;130;3147;1;1;1;1;0;42;0;862;426;1816;0;0.013;0;0.274;0.135;0.577
CY;2;CY00;?????? (Kypros);2111;906;130;3147;1;1;1;1;0;42;0;862;426;1816;0;0.013;0;0.274;0.135;0.577
CY;3;CY000;?????? (Kypros);2111;906;130;3147;1;1;1;1;0;42;0;862;426;1816;0;0.013;0;0.274;0.135;0.577
CY;1;CYZ;EXTRA-REGIO NUTS 1;;;;;;;;;;;;;;;;;;;;
CY;2;CYZZ;Extra-Regio NUTS 2;;;;;;;;;;;;;;;;;;;;
CY;3;CYZZZ;Extra-Regio NUTS 3;;;;;;;;;;;;;;;;;;;;
LV;0;LV;LATVIJA;13623;2981;1628;18232;1;1;1;1;5822;7670;2611;779;460;880;0.319;0.421;0.143;0.043;0.025;0.048
LV;1;LV0;LATVIJA;13623;2978;1622;18223;1;1;0.999;0.996;5822;7670;2611;779;460;880;0.319;0.421;0.143;0.043;0.025;0.048
LV;2;LV00;Latvija;13623;2978;1622;18223;1;1;0.999;0.996;5822;7670;2611;779;460;880;0.319;0.421;0.143;0.043;0.025;0.048
LV;3;LV003;Kurzeme;1813;297;160;2269;0.124;0.133;0.1;0.098;920;1136;161;8;7;13;0.41;0.506;0.072;0.003;0.003;0.006
LV;3;LV005;Latgale;2237;260;180;2676;0.147;0.164;0.087;0.11;388;1607;208;85;98;184;0.151;0.625;0.081;0.033;0.038;0.072
LV;3;LV006;R?ga;3299;1617;813;5728;0.314;0.242;0.542;0.499;2063;1047;1571;609;275;521;0.339;0.172;0.258;0.1;0.045;0.086
LV;3;LV007;Pier?ga;2829;427;210;3466;0.19;0.208;0.143;0.129;1858;1236;254;11;11;22;0.548;0.364;0.075;0.003;0.003;0.007
LV;3;LV008;Vidzeme;1676;169;120;1965;0.108;0.123;0.057;0.074;191;1452;170;24;9;29;0.102;0.774;0.091;0.013;0.005;0.015
LV;3;LV009;Zemgale;1770;208;140;2118;0.116;0.13;0.07;0.086;402;1193;246;42;60;111;0.196;0.581;0.12;0.021;0.029;0.054
LV;1;LVZ;EXTRA-REGIO NUTS 1;;;;;;;;;;;;;;;;;;;;
LV;2;LVZZ;Extra-Regio NUTS 2;;;;;;;;;;;;;;;;;;;;
LV;3;LVZZZ;Extra-Regio NUTS 3;;;;;;;;;;;;;;;;;;;;
LT;0;LT;LIETUVA;13623;2151;1521;17295;1;1;1;1;6080;7845;1759;428;431;751;0.352;0.454;0.102;0.025;0.025;0.043
LT;1;LT0;LIETUVA;13623;2151;1521;17295;1;1;1;1;6080;7845;1759;428;431;751;0.352;0.454;0.102;0.025;0.025;0.043
LT;2;LT00;Lietuva;13623;2151;1521;17295;1;1;1;1;6080;7845;1759;428;431;751;0.352;0.454;0.102;0.025;0.025;0.043
LT;3;LT001;Alytaus apskritis;748;73;58;878;0.051;0.055;0.034;0.038;77;641;77;33;3;16;0.091;0.757;0.091;0.039;0.003;0.019
LT;3;LT002;Kauno apskritis;2683;406;277;3366;0.195;0.197;0.189;0.182;1455;1206;358;40;128;182;0.432;0.358;0.106;0.012;0.038;0.054
LT;3;LT003;Klaip?dos apskritis;1398;267;152;1816;0.105;0.103;0.124;0.1;449;817;238;104;84;148;0.244;0.444;0.13;0.057;0.046;0.08
LT;3;LT004;Marijampol?s apskritis;767;72;50;889;0.051;0.056;0.034;0.033;115;496;93;37;38;74;0.135;0.581;0.11;0.043;0.045;0.087
LT;3;LT005;Panev?žio apskritis;1233;126;88;1447;0.084;0.09;0.058;0.058;233;821;134;53;62;106;0.165;0.583;0.095;0.037;0.044;0.075
LT;3;LT006;Šiauli? apskritis;1427;164;111;1702;0.098;0.105;0.076;0.073;330;896;163;68;77;132;0.198;0.538;0.098;0.041;0.046;0.079
LT;3;LT007;Taurag?s apskritis;542;49;35;626;0.036;0.04;0.023;0.023;58;414;53;23;15;32;0.098;0.698;0.089;0.038;0.025;0.053
LT;3;LT008;Telši? apskritis;706;74;50;830;0.048;0.052;0.034;0.033;462;305;39;3;3;5;0.566;0.373;0.048;0.003;0.003;0.006
LT;3;LT009;Utenos apskritis;784;67;53;904;0.052;0.058;0.031;0.035;82;660;70;32;8;24;0.093;0.755;0.08;0.036;0.009;0.027
LT;3;LT00A;Vilniaus apskritis;3335;852;648;4836;0.28;0.245;0.396;0.426;2820;1589;532;36;14;32;0.561;0.316;0.106;0.007;0.003;0.006
LT;1;LTZ;EXTRA-REGIO NUTS 1;;;;;;;;;;;;;;;;;;;;
LT;2;LTZZ;Extra-Regio NUTS 2;;;;;;;;;;;;;;;;;;;;
LT;3;LTZZZ;Extra-Regio NUTS 3;;;;;;;;;;;;;;;;;;;;
LU;0;LU;LUXEMBOURG;4794;2142;1337;8273;1;1;1;1;721;224;4129;754;181;2264;0.087;0.027;0.499;0.091;0.022;0.274
LU;1;LU0;LUXEMBOURG;4794;2142;1337;8273;1;1;1;1;721;224;4129;754;181;2264;0.087;0.027;0.499;0.091;0.022;0.274
LU;2;LU00;Luxembourg;4794;2142;1337;8273;1;1;1;1;721;224;4129;754;181;2264;0.087;0.027;0.499;0.091;0.022;0.274
LU;3;LU000;Luxembourg;4794;2142;1337;8273;1;1;1;1;721;224;4129;754;181;2264;0.087;0.027;0.499;0.091;0.022;0.274
LU;1;LUZ;EXTRA-REGIO NUTS 1;;;;;;;;;;;;;;;;;;;;
LU;2;LUZZ;Extra-Regio NUTS 2;;;;;;;;;;;;;;;;;;;;
LU;3;LUZZZ;Extra-Regio NUTS 3;;;;;;;;;;;;;;;;;;;;
HU;0;HU;MAGYARORSZÁG;51799;13027;7155;71982;1;1;1;1;9167;8293;46502;237;3723;4060;0.127;0.115;0.646;0.003;0.052;0.056
HU;1;HU1;KÖZÉP-MAGYARORSZÁG;14641;7080;3577;25298;0.351;0.283;0.543;0.5;4511;1286;18031;130;1002;1555;0.17;0.048;0.68;0.005;0.038;0.059
HU;2;HU10;Közép-Magyarország;14641;7080;3577;25298;0.351;0.283;0.543;0.5;4511;1286;18031;130;1002;1555;0.17;0.048;0.68;0.005;0.038;0.059
HU;3;HU101;Budapest;8291;5558;2962;16811;0.234;0.16;0.427;0.414;3300;386;12468;115;671;1210;0.182;0.021;0.687;0.006;0.037;0.067
HU;3;HU102;Pest;6350;1521;616;8487;0.118;0.123;0.117;0.086;1211;899;5563;14;331;344;0.145;0.108;0.665;0.002;0.04;0.041
HU;1;HU2;DUNÁNTÚL;15685;2769;1616;20069;0.279;0.303;0.213;0.226;2306;3519;12172;40;926;889;0.116;0.177;0.613;0.002;0.047;0.045
HU;2;HU21;Közép-Dunántúl;5477;960;561;6998;0.097;0.106;0.074;0.078;905;1068;4159;21;409;407;0.13;0.153;0.597;0.003;0.059;0.058
HU;3;HU211;Fejér;2073;370;218;2661;0.037;0.04;0.028;0.03;294;297;1578;13;243;243;0.11;0.111;0.592;0.005;0.091;0.091
HU;3;HU212;Komárom-Esztergom;1512;275;153;1940;0.027;0.029;0.021;0.021;188;279;1335;2;90;71;0.095;0.142;0.679;0.001;0.046;0.036
HU;3;HU213;Veszprém;1892;315;190;2397;0.033;0.037;0.024;0.027;423;492;1246;6;76;93;0.181;0.21;0.533;0.003;0.033;0.04
HU;2;HU22;Nyugat-Dunántúl;5237;998;559;6794;0.094;0.101;0.077;0.078;579;1201;4574;8;237;216;0.085;0.176;0.671;0.001;0.035;0.032
HU;3;HU221;Gy?r-Moson-Sopron;2320;485;262;3067;0.043;0.045;0.037;0.037;334;394;2108;5;145;135;0.107;0.126;0.675;0.002;0.047;0.043
HU;3;HU222;Vas;1403;243;146;1792;0.025;0.027;0.019;0.02;192;363;1186;1;22;19;0.108;0.204;0.665;0;0.012;0.011
HU;3;HU223;Zala;1514;270;151;1935;0.027;0.029;0.021;0.021;52;444;1279;2;70;62;0.027;0.233;0.67;0.001;0.036;0.032
HU;2;HU23;Dél-Dunántúl;4971;811;496;6277;0.087;0.096;0.062;0.069;823;1250;3439;11;280;266;0.136;0.206;0.567;0.002;0.046;0.044
HU;3;HU231;Baranya;1952;331;218;2500;0.035;0.038;0.025;0.03;656;409;1304;1;27;25;0.271;0.169;0.538;0;0.011;0.01
HU;3;HU232;Somogy;1715;298;163;2175;0.03;0.033;0.023;0.023;124;553;1341;1;36;35;0.059;0.265;0.642;0.001;0.017;0.017
HU;3;HU233;Tolna;1304;183;115;1602;0.022;0.025;0.014;0.016;43;288;795;9;218;206;0.027;0.185;0.51;0.006;0.14;0.132
HU;1;HU3;ALFÖLD ÉS ÉSZAK;21473;3179;1962;26615;0.37;0.415;0.244;0.274;2351;3488;16299;67;1795;1616;0.092;0.136;0.636;0.003;0.07;0.063
HU;2;HU31;Észak-Magyarország;6437;889;578;7904;0.11;0.124;0.068;0.081;1524;1444;4421;3;95;87;0.201;0.191;0.584;0;0.013;0.011
HU;3;HU311;Borsod-Abaúj-Zemplén;3533;508;336;4377;0.061;0.068;0.039;0.047;856;772;2497;2;48;44;0.203;0.183;0.592;0;0.011;0.01
HU;3;HU312;Heves;1758;251;150;2158;0.03;0.034;0.019;0.021;462;340;1233;1;24;22;0.222;0.163;0.593;0;0.011;0.011
HU;3;HU313;Nógrád;1146;130;93;1369;0.019;0.022;0.01;0.013;207;332;691;1;23;21;0.162;0.261;0.542;0.001;0.018;0.016
HU;2;HU32;Észak-Alföld;7709;1182;727;9618;0.134;0.149;0.091;0.102;516;1048;6114;31;821;742;0.056;0.113;0.659;0.003;0.089;0.08
HU;3;HU321;Hajdú-Bihar;2698;501;294;3492;0.049;0.052;0.038;0.041;168;366;2227;16;333;317;0.049;0.107;0.65;0.005;0.097;0.092
HU;3;HU322;Jász-Nagykun-Szolnok;2061;273;174;2508;0.035;0.04;0.021;0.024;70;211;1582;11;291;261;0.029;0.087;0.652;0.005;0.12;0.108
HU;3;HU323;Szabolcs-Szatmár-Bereg;2950;408;259;3617;0.05;0.057;0.031;0.036;278;471;2304;5;197;164;0.081;0.138;0.674;0.001;0.058;0.048
HU;2;HU33;Dél-Alföld;7327;1108;657;9092;0.126;0.141;0.085;0.092;311;996;5764;32;879;788;0.035;0.114;0.657;0.004;0.1;0.09
HU;3;HU331;Bács-Kiskun;2953;456;247;3656;0.051;0.057;0.035;0.035;114;574;2311;10;274;250;0.032;0.162;0.654;0.003;0.078;0.071
HU;3;HU332;Békés;2132;263;169;2565;0.036;0.041;0.02;0.024;98;180;1490;12;340;307;0.041;0.074;0.614;0.005;0.14;0.127
HU;3;HU333;Csongrád;2241;389;241;2871;0.04;0.043;0.03;0.034;98;242;1963;9;264;230;0.035;0.086;0.699;0.003;0.094;0.082
HU;1;HUZ;EXTRA-REGIO NUTS 1;;;;;;;;;;;;;;;;;;;;
HU;2;HUZZ;Extra-Regio NUTS 2;;;;;;;;;;;;;;;;;;;;
HU;3;HUZZZ;Extra-Regio NUTS 3;;;;;;;;;;;;;;;;;;;;
MT;0;MT;MALTA;526;181;27;734;1;1;1;1;0;8;0;51;364;311;0;0.01;0;0.069;0.496;0.424
MT;1;MT0;MALTA;526;181;26;733;1;1;0.999;0.996;0;8;0;51;364;311;0;0.01;0;0.069;0.496;0.424
MT;2;MT00;Malta;526;181;26;733;1;1;0.999;0.996;0;8;0;51;364;311;0;0.01;0;0.069;0.496;0.424
MT;3;MT001;Malta;478;170;25;673;0.917;0.908;0.941;0.946;0;7;0;48;331;289;0;0.011;0;0.07;0.49;0.429
MT;3;MT002;Gozo and Comino / G?awdex u Kemmuna;49;11;1;60;0.082;0.092;0.058;0.05;0;0;0;3;33;22;0;0.003;0;0.056;0.564;0.378
MT;1;MTZ;EXTRA-REGIO NUTS 1;;;;;;;;;;;;;;;;;;;;
MT;2;MTZZ;Extra-Regio NUTS 2;;;;;;;;;;;;;;;;;;;;
MT;3;MTZZZ;Extra-Regio NUTS 3;;;;;;;;;;;;;;;;;;;;
NL;0;NL;NEDERLAND ;96966;36170;28315;161451;1;1;1;1;6845;3893;139648;2913;4146;3205;0.043;0.024;0.869;0.018;0.026;0.02
NL;1;NL1;NOORD-NEDERLAND;10687;2548;2438;15673;0.097;0.11;0.07;0.086;1078;488;12954;248;407;231;0.07;0.032;0.841;0.016;0.026;0.015
NL;2;NL11;Groningen;3644;898;904;5446;0.034;0.038;0.025;0.032;807;100;4528;32;53;30;0.145;0.018;0.816;0.006;0.01;0.005
NL;3;NL111;Oost-Groningen;966;170;158;1294;0.008;0.01;0.005;0.006;14;38;1090;18;30;16;0.011;0.031;0.904;0.015;0.025;0.013
NL;3;NL112;Delfzijl en omgeving;322;84;52;459;0.003;0.003;0.002;0.002;39;7;393;1;3;1;0.088;0.016;0.884;0.003;0.006;0.003
NL;3;NL113;Overig Groningen;2356;644;694;3694;0.023;0.024;0.018;0.025;754;55;3045;13;20;12;0.193;0.014;0.781;0.003;0.005;0.003
NL;2;NL12;Friesland (NL);3987;969;873;5829;0.036;0.041;0.027;0.031;212;143;4735;149;261;132;0.038;0.025;0.841;0.027;0.046;0.024
NL;3;NL121;Noord-Friesland;2046;516;464;3026;0.019;0.021;0.014;0.016;171;60;2581;33;66;32;0.058;0.02;0.877;0.011;0.022;0.011
NL;3;NL122;Zuidwest-Friesland;662;138;117;918;0.006;0.007;0.004;0.004;11;18;718;34;58;28;0.012;0.021;0.829;0.039;0.067;0.033
NL;3;NL123;Zuidoost-Friesland;1278;314;292;1885;0.012;0.013;0.009;0.01;30;65;1436;83;137;72;0.017;0.036;0.788;0.045;0.075;0.04
NL;2;NL13;Drenthe;3056;681;661;4397;0.027;0.032;0.019;0.023;59;245;3691;67;93;69;0.014;0.058;0.874;0.016;0.022;0.016
NL;3;NL131;Noord-Drenthe;1194;272;283;1749;0.011;0.012;0.008;0.01;24;99;1501;15;17;18;0.014;0.059;0.896;0.009;0.01;0.011
NL;3;NL132;Zuidoost-Drenthe;1047;209;185;1441;0.009;0.011;0.006;0.007;23;70;1250;11;16;13;0.017;0.05;0.904;0.008;0.012;0.009
NL;3;NL133;Zuidwest-Drenthe;815;200;192;1206;0.007;0.008;0.006;0.007;12;76;940;41;60;38;0.011;0.065;0.806;0.035;0.051;0.032
NL;1;NL2;OOST-NEDERLAND;20137;6201;5405;31743;0.197;0.208;0.171;0.191;873;1288;26475;725;1028;749;0.028;0.041;0.85;0.023;0.033;0.024
NL;2;NL21;Overijssel;6630;1917;1678;10225;0.063;0.068;0.053;0.059;403;342;8618;187;283;189;0.04;0.034;0.86;0.019;0.028;0.019
NL;3;NL211;Noord-Overijssel;2046;683;580;3309;0.02;0.021;0.019;0.02;129;119;2621;119;169;114;0.04;0.036;0.801;0.036;0.052;0.035
NL;3;NL212;Zuidwest-Overijssel;887;236;224;1347;0.008;0.009;0.007;0.008;14;37;1187;22;32;22;0.01;0.028;0.904;0.017;0.024;0.017
NL;3;NL213;Twente;3697;998;874;5568;0.034;0.038;0.028;0.031;260;186;4810;45;82;54;0.048;0.034;0.885;0.008;0.015;0.01
NL;2;NL22;Gelderland;11581;3637;3123;18341;0.114;0.119;0.101;0.11;360;776;15573;388;514;408;0.02;0.043;0.864;0.022;0.029;0.023
NL;3;NL221;Veluwe;3682;1328;1112;6123;0.038;0.038;0.037;0.039;76;448;4978;179;201;195;0.012;0.074;0.819;0.029;0.033;0.032
NL;3;NL224;Zuidwest-Gelderland;1284;453;312;2049;0.013;0.013;0.013;0.011;29;18;1802;46;66;46;0.014;0.009;0.898;0.023;0.033;0.023
NL;3;NL225;Achterhoek;2452;610;474;3535;0.022;0.025;0.017;0.017;121;125;2918;64;103;61;0.036;0.037;0.86;0.019;0.03;0.018
NL;3;NL226;Arnhem/Nijmegen;4163;1246;1225;6634;0.041;0.043;0.034;0.043;135;184;5875;100;144;107;0.021;0.028;0.898;0.015;0.022;0.016
NL;2;NL23;Flevoland;1926;647;603;3177;0.02;0.02;0.018;0.021;110;170;2284;151;231;151;0.035;0.055;0.738;0.049;0.074;0.049
NL;3;NL230;Flevoland;1926;647;603;3177;0.02;0.02;0.018;0.021;110;170;2284;151;231;151;0.035;0.055;0.738;0.049;0.074;0.049
NL;1;NL3;WEST-NEDERLAND;44520;19932;14889;79341;0.491;0.459;0.551;0.526;3698;1036;70738;1432;2014;1680;0.046;0.013;0.878;0.018;0.025;0.021
NL;2;NL31;Utrecht;6834;3389;2645;12868;0.08;0.07;0.094;0.093;309;282;11528;300;353;344;0.024;0.022;0.879;0.023;0.027;0.026
NL;3;NL310;Utrecht;6834;3389;2645;12868;0.08;0.07;0.094;0.093;309;282;11528;300;353;344;0.024;0.022;0.879;0.023;0.027;0.026
NL;2;NL32;Noord-Holland;15538;8384;5469;29391;0.182;0.16;0.232;0.193;1211;344;26453;612;819;768;0.04;0.011;0.876;0.02;0.027;0.025
NL;3;NL321;Kop van Noord-Holland;2166;536;454;3155;0.02;0.022;0.015;0.016;36;52;2540;113;184;100;0.012;0.017;0.84;0.037;0.061;0.033
NL;3;NL322;Alkmaar en omgeving;1317;434;348;2100;0.013;0.014;0.012;0.012;104;42;1858;14;25;18;0.05;0.02;0.901;0.007;0.012;0.009
NL;3;NL323;IJmond;1094;293;216;1603;0.01;0.011;0.008;0.008;193;36;1317;5;9;5;0.123;0.023;0.842;0.003;0.006;0.003
NL;3;NL324;Agglomeratie Haarlem;1357;411;368;2137;0.013;0.014;0.011;0.013;22;42;1900;36;54;38;0.011;0.02;0.908;0.017;0.026;0.018
NL;3;NL325;Zaanstreek;911;257;194;1362;0.008;0.009;0.007;0.007;14;8;1205;27;46;27;0.011;0.006;0.908;0.02;0.035;0.021
NL;3;NL326;Groot-Amsterdam;7191;5777;3477;16444;0.102;0.074;0.16;0.123;813;107;15403;334;393;488;0.046;0.006;0.878;0.019;0.022;0.028
NL;3;NL327;Het Gooi en Vechtstreek;1501;677;413;2591;0.016;0.015;0.019;0.015;28;58;2230;83;108;91;0.011;0.022;0.859;0.032;0.041;0.035
NL;2;NL33;Zuid-Holland;19897;7591;6324;33812;0.209;0.205;0.21;0.223;2140;328;30198;379;606;435;0.063;0.01;0.886;0.011;0.018;0.013
NL;3;NL332;Agglomeratie 's-Gravenhage;4737;1842;1901;8480;0.053;0.049;0.051;0.067;112;89;7809;164;252;189;0.013;0.01;0.906;0.019;0.029;0.022
NL;3;NL333;Delft en Westland;1169;433;377;1980;0.012;0.012;0.012;0.013;83;14;1812;23;42;28;0.041;0.007;0.905;0.011;0.021;0.014
NL;3;NL337;Agglomeratie Leiden en Bollenstreek;2252;738;659;3650;0.023;0.023;0.02;0.023;39;36;3283;70;109;74;0.011;0.01;0.909;0.02;0.03;0.021
NL;3;NL338;Oost-Zuid-Holland;1601;547;410;2558;0.016;0.017;0.015;0.014;41;17;2287;49;77;52;0.016;0.007;0.907;0.019;0.031;0.02
NL;3;NL339;Groot-Rijnmond;7963;3248;2438;13649;0.085;0.082;0.09;0.086;1685;135;11868;43;67;53;0.122;0.01;0.857;0.003;0.005;0.004
NL;3;NL33A;Zuidoost-Zuid-Holland;2174;783;539;3496;0.022;0.022;0.022;0.019;179;37;3139;31;58;38;0.051;0.011;0.901;0.009;0.017;0.011
NL;2;NL34;Zeeland;2252;567;450;3270;0.02;0.023;0.016;0.016;39;82;2560;141;236;134;0.012;0.026;0.802;0.044;0.074;0.042
NL;3;NL341;Zeeuwsch-Vlaanderen;665;170;116;951;0.006;0.007;0.005;0.004;10;19;801;31;49;28;0.011;0.02;0.854;0.033;0.052;0.03
NL;3;NL342;Overig Zeeland;1587;397;335;2319;0.014;0.016;0.011;0.012;29;63;1759;110;187;106;0.013;0.028;0.78;0.049;0.083;0.047
NL;1;NL4;ZUID-NEDERLAND;21622;6803;5465;33890;0.21;0.223;0.188;0.193;1196;1082;29481;508;697;545;0.036;0.032;0.88;0.015;0.021;0.016
NL;2;NL41;Noord-Brabant;14404;4904;3858;23165;0.143;0.149;0.136;0.136;1044;756;20116;342;451;370;0.045;0.033;0.872;0.015;0.02;0.016
NL;3;NL411;West-Noord-Brabant;3557;1257;983;5796;0.036;0.037;0.035;0.035;678;153;4897;19;29;21;0.117;0.026;0.845;0.003;0.005;0.004
NL;3;NL412;Midden-Noord-Brabant;2652;884;661;4197;0.026;0.027;0.024;0.023;45;141;3733;58;74;69;0.011;0.034;0.906;0.014;0.018;0.017
NL;3;NL413;Noordoost-Noord-Brabant;3741;1261;971;5973;0.037;0.039;0.035;0.034;175;166;5327;73;105;88;0.029;0.028;0.898;0.012;0.018;0.015
NL;3;NL414;Zuidoost-Noord-Brabant;4453;1502;1243;7199;0.045;0.046;0.042;0.044;146;296;6160;192;243;193;0.02;0.041;0.852;0.027;0.034;0.027
NL;2;NL42;Limburg (NL);7218;1900;1607;10725;0.066;0.074;0.053;0.057;153;327;9364;166;247;174;0.015;0.031;0.898;0.016;0.024;0.017
NL;3;NL421;Noord-Limburg;1689;492;359;2540;0.016;0.017;0.014;0.013;44;127;2159;43;55;47;0.018;0.051;0.873;0.017;0.022;0.019
NL;3;NL422;Midden-Limburg;1490;371;295;2156;0.013;0.015;0.01;0.01;21;97;1886;21;27;26;0.01;0.047;0.907;0.01;0.013;0.012
NL;3;NL423;Zuid-Limburg;4039;1037;954;6030;0.037;0.042;0.029;0.034;88;103;5320;101;165;101;0.015;0.017;0.905;0.017;0.028;0.017
NL;1;NLZ;EXTRA-REGIO NUTS 1;;;;;;;;;;;;;;;;;;;;
NL;2;NLZZ;Extra-Regio NUTS 2;;;;;;;;;;;;;;;;;;;;
NL;3;NLZZZ;Extra-Regio NUTS 3;;;;;;;;;;;;;;;;;;;;
AT;0;AT;ÖSTERREICH;63199;12791;6379;82369;1;1;1;1;19173;16076;21602;3612;6385;15517;0.233;0.195;0.262;0.044;0.078;0.188
AT;1;AT1;OSTÖSTERREICH;26358;6044;3029;35432;0.43;0.417;0.473;0.475;11408;4858;9630;1312;2414;5920;0.321;0.137;0.271;0.037;0.068;0.167
AT;2;AT11;Burgenland ;2271;292;143;2706;0.033;0.036;0.023;0.022;264;698;552;170;212;674;0.103;0.272;0.215;0.066;0.083;0.262
AT;3;AT111;Mittelburgenland;324;31;15;370;0.004;0.005;0.002;0.002;33;147;68;16;19;62;0.096;0.427;0.197;0.045;0.055;0.18
AT;3;AT112;Nordburgenland;1167;167;81;1415;0.017;0.018;0.013;0.013;127;240;325;108;134;424;0.094;0.177;0.24;0.079;0.098;0.312
AT;3;AT113;Südburgenland;780;94;46;920;0.011;0.012;0.007;0.007;104;311;159;47;60;188;0.12;0.358;0.183;0.054;0.069;0.216
AT;2;AT12;Niederösterreich;12970;1993;947;15910;0.193;0.205;0.156;0.148;2462;3880;3905;790;1152;3297;0.159;0.251;0.252;0.051;0.074;0.213
AT;3;AT121;Mostviertel-Eisenwurzen;1846;244;117;2207;0.027;0.029;0.019;0.018;260;694;524;102;140;416;0.122;0.325;0.245;0.048;0.066;0.195
AT;3;AT122;Niederösterreich-Süd;2145;286;141;2572;0.031;0.034;0.022;0.022;215;926;693;102;153;406;0.086;0.371;0.278;0.041;0.061;0.163
AT;3;AT123;Sankt Pölten;1137;236;113;1486;0.018;0.018;0.018;0.018;213;284;413;92;125;360;0.143;0.191;0.278;0.062;0.084;0.242
AT;3;AT124;Waldviertel;1958;246;120;2324;0.028;0.031;0.019;0.019;531;835;387;71;96;306;0.239;0.375;0.174;0.032;0.043;0.137
AT;3;AT125;Weinviertel;1096;111;53;1259;0.015;0.017;0.009;0.008;127;278;224;86;105;350;0.109;0.238;0.191;0.074;0.09;0.299
AT;3;AT126;Wiener Umland/Nordteil;2437;315;147;2899;0.035;0.039;0.025;0.023;172;514;802;197;288;810;0.062;0.185;0.288;0.071;0.104;0.291
AT;3;AT127;Wiener Umland/Südteil;2351;554;256;3161;0.038;0.037;0.043;0.04;943;349;862;141;244;650;0.296;0.109;0.27;0.044;0.077;0.204
AT;2;AT13;Wien;11117;3759;1939;16816;0.204;0.176;0.294;0.304;8681;279;5173;352;1050;1949;0.497;0.016;0.296;0.02;0.06;0.111
AT;3;AT130;Wien;11117;3759;1939;16816;0.204;0.176;0.294;0.304;8681;279;5173;352;1050;1949;0.497;0.016;0.296;0.02;0.06;0.111
AT;1;AT2;SÜDÖSTERREICH;13859;2169;1199;17227;0.209;0.219;0.17;0.188;3113;5043;4178;666;1184;2800;0.183;0.297;0.246;0.039;0.07;0.165
AT;2;AT21;Kärnten;4441;677;367;5485;0.067;0.07;0.053;0.058;633;1934;1371;209;369;865;0.118;0.359;0.255;0.039;0.069;0.161
AT;3;AT211;Klagenfurt-Villach;2163;400;217;2780;0.034;0.034;0.031;0.034;397;560;846;138;249;586;0.143;0.202;0.305;0.05;0.09;0.211
AT;3;AT212;Oberkärnten;1137;141;78;1357;0.016;0.018;0.011;0.012;87;676;258;44;71;168;0.067;0.519;0.198;0.033;0.055;0.129
AT;3;AT213;Unterkärnten;1140;136;72;1348;0.016;0.018;0.011;0.011;149;698;267;27;48;111;0.114;0.537;0.205;0.021;0.037;0.086
AT;2;AT22;Steiermark;9418;1491;832;11741;0.143;0.149;0.117;0.13;2480;3108;2807;457;815;1935;0.214;0.268;0.242;0.039;0.07;0.167
AT;3;AT221;Graz;2949;672;374;3995;0.049;0.047;0.053;0.059;843;420;1134;232;442;1001;0.207;0.103;0.279;0.057;0.108;0.246
AT;3;AT222;Liezen;698;102;59;860;0.01;0.011;0.008;0.009;388;311;99;7;11;30;0.459;0.368;0.117;0.008;0.013;0.036
AT;3;AT223;Östliche Obersteiermark;1473;187;108;1768;0.021;0.023;0.015;0.017;201;646;492;51;129;242;0.114;0.367;0.279;0.029;0.073;0.137
AT;3;AT224;Oststeiermark;1964;254;138;2356;0.029;0.031;0.02;0.022;178;750;514;133;172;517;0.078;0.332;0.227;0.059;0.076;0.228
AT;3;AT225;West- und Südsteiermark;1420;166;89;1675;0.02;0.022;0.013;0.014;758;444;313;14;19;59;0.472;0.276;0.195;0.009;0.012;0.037
AT;3;AT226;Westliche Obersteiermark;913;110;64;1087;0.013;0.014;0.009;0.01;112;538;256;20;43;86;0.106;0.509;0.242;0.019;0.041;0.082
AT;1;AT3;WESTÖSTERREICH;22982;4575;2149;29706;0.361;0.364;0.358;0.337;4652;6176;7794;1634;2787;6797;0.156;0.207;0.261;0.055;0.093;0.228
AT;2;AT31;Oberösterreich;10914;1811;947;13672;0.166;0.173;0.142;0.148;2827;2622;3498;690;1069;2917;0.208;0.193;0.257;0.051;0.078;0.214
AT;3;AT311;Innviertel;2235;275;144;2654;0.032;0.035;0.022;0.023;604;515;565;137;175;585;0.234;0.2;0.219;0.053;0.068;0.227
AT;3;AT312;Linz-Wels;3985;940;489;5414;0.066;0.063;0.073;0.077;1171;409;1614;336;595;1436;0.211;0.074;0.29;0.06;0.107;0.258
AT;3;AT313;Mühlviertel;1601;180;94;1876;0.023;0.025;0.014;0.015;92;575;470;102;134;403;0.052;0.324;0.264;0.058;0.075;0.227
AT;3;AT314;Steyr-Kirchdorf;1209;167;88;1464;0.018;0.019;0.013;0.014;223;505;368;53;87;232;0.152;0.344;0.251;0.036;0.059;0.158
AT;3;AT315;Traunviertel;1884;249;132;2265;0.027;0.03;0.019;0.021;736;618;481;62;78;261;0.329;0.276;0.215;0.028;0.035;0.117
AT;2;AT32;Salzburg;3890;1050;441;5381;0.065;0.062;0.082;0.069;722;1229;1219;343;610;1378;0.131;0.223;0.222;0.062;0.111;0.25
AT;3;AT321;Lungau;176;31;14;221;0.003;0.003;0.002;0.002;17;118;52;5;7;16;0.081;0.549;0.242;0.022;0.034;0.072
AT;3;AT322;Pinzgau-Pongau;1252;280;121;1654;0.02;0.02;0.022;0.019;186;632;273;87;151;340;0.111;0.379;0.163;0.052;0.091;0.204
AT;3;AT323;Salzburg und Umgebung;2462;738;306;3506;0.043;0.039;0.058;0.048;519;479;894;251;452;1022;0.144;0.132;0.247;0.069;0.125;0.283
AT;2;AT33;Tirol;5426;1181;522;7129;0.087;0.086;0.092;0.082;785;1766;1999;372;708;1542;0.109;0.246;0.279;0.052;0.099;0.215
AT;3;AT331;Außerfern;259;50;22;331;0.004;0.004;0.004;0.004;28;162;51;15;24;56;0.083;0.483;0.152;0.045;0.072;0.166
AT;3;AT332;Innsbruck;2193;535;236;2965;0.036;0.035;0.042;0.037;359;308;1029;167;388;751;0.119;0.103;0.343;0.056;0.129;0.25
AT;3;AT333;Osttirol;406;60;27;493;0.006;0.006;0.005;0.004;61;230;27;24;39;96;0.127;0.483;0.056;0.05;0.082;0.201
AT;3;AT334;Tiroler Oberland;789;184;82;1055;0.013;0.012;0.014;0.013;112;354;229;59;85;219;0.106;0.335;0.217;0.056;0.08;0.207
AT;3;AT335;Tiroler Unterland;1780;351;155;2285;0.028;0.028;0.027;0.024;226;712;663;107;173;419;0.098;0.31;0.288;0.047;0.075;0.182
AT;2;AT34;Vorarlberg;2751;533;239;3524;0.043;0.044;0.042;0.037;318;558;1078;230;399;960;0.09;0.157;0.304;0.065;0.113;0.271
AT;3;AT341;Bludenz-Bregenzer Wald;731;149;67;947;0.011;0.012;0.012;0.011;86;293;230;56;82;216;0.089;0.304;0.239;0.058;0.085;0.224
AT;3;AT342;Rheintal-Bodenseegebiet;2020;385;172;2577;0.031;0.032;0.03;0.027;233;265;848;174;317;744;0.09;0.103;0.329;0.067;0.123;0.288
AT;1;ATZ;EXTRA-REGIO NUTS 1;;;;;;;;;;;;;;;;;;;;
AT;2;ATZZ;Extra-Regio NUTS 2;;;;;;;;;;;;;;;;;;;;
AT;3;ATZZZ;Extra-Regio NUTS 3;;;;;;;;;;;;;;;;;;;;
PL;0;PL;POLSKA;198936;37481;21518;257935;1;1;1;1;71991;26721;53488;14119;9628;81989;0.279;0.104;0.207;0.055;0.037;0.318
PL;1;PL1;REGION CENTRALNY;41185;9591;5488;56265;0.218;0.207;0.256;0.255;20305;4196;11906;3028;1845;15806;0.356;0.073;0.209;0.053;0.032;0.277
PL;2;PL11;?ódzkie;13718;2284;1307;17310;0.067;0.069;0.061;0.061;7968;1541;2160;519;510;4551;0.462;0.089;0.125;0.03;0.03;0.264
PL;3;PL113;Miasto ?ód?;3291;870;495;4656;0.018;0.017;0.023;0.023;3214;42;775;279;53;490;0.662;0.009;0.16;0.057;0.011;0.101
PL;3;PL114;?ódzki;2288;319;183;2790;0.011;0.012;0.009;0.008;1246;207;317;21;95;848;0.456;0.076;0.116;0.008;0.035;0.31
PL;3;PL115;Piotrkowski;3392;466;269;4128;0.016;0.017;0.012;0.012;2269;607;408;30;81;728;0.55;0.147;0.099;0.007;0.02;0.177
PL;3;PL116;Sieradzki;2716;341;195;3252;0.013;0.014;0.009;0.009;988;460;248;25;140;1260;0.316;0.147;0.08;0.008;0.045;0.404
PL;3;PL117;Skierniewicki;2031;288;165;2484;0.01;0.01;0.008;0.008;250;225;413;164;140;1224;0.104;0.093;0.171;0.068;0.058;0.507
PL;2;PL12;Mazowieckie;27467;7307;4181;38955;0.151;0.138;0.195;0.194;12337;2655;9746;2509;1335;11255;0.31;0.067;0.245;0.063;0.034;0.283
PL;3;PL127;Miasto Warszawa;7545;4041;2305;13890;0.054;0.038;0.108;0.107;8445;122;4429;848;99;953;0.567;0.008;0.297;0.057;0.007;0.064
PL;3;PL128;Radomski;3278;491;282;4051;0.016;0.016;0.013;0.013;360;582;351;381;237;2058;0.091;0.147;0.088;0.096;0.06;0.518
PL;3;PL129;Warszawski wschodni;4696;658;377;5731;0.022;0.024;0.018;0.018;403;657;1373;293;298;2584;0.072;0.117;0.245;0.052;0.053;0.461
PL;3;PL12A;Warszawski zachodni;4844;821;474;6139;0.024;0.024;0.022;0.022;959;460;1329;380;316;2763;0.155;0.074;0.214;0.061;0.051;0.445
PL;3;PL12B;Ciechanowski;1774;323;186;2282;0.009;0.009;0.009;0.009;427;197;593;166;107;796;0.187;0.086;0.259;0.073;0.047;0.348
PL;3;PL12C;P?ocki;1688;309;177;2174;0.008;0.008;0.008;0.008;354;143;649;146;105;781;0.163;0.066;0.298;0.067;0.048;0.359
PL;3;PL12D;Ostro??cki;2006;366;210;2582;0.01;0.01;0.01;0.01;878;296;523;152;85;653;0.339;0.114;0.202;0.059;0.033;0.252
PL;3;PL12E;Siedlecki;1635;298;171;2105;0.008;0.008;0.008;0.008;512;198;499;143;90;667;0.243;0.094;0.237;0.068;0.042;0.316
PL;1;PL2;REGION PO?UDNIOWY;41338;7565;4374;53278;0.207;0.208;0.202;0.203;18074;3260;11853;2536;1900;15967;0.337;0.061;0.221;0.047;0.035;0.298
PL;2;PL21;Ma?opolskie;17480;3225;1871;22576;0.088;0.088;0.086;0.087;5086;1594;5180;1489;1012;8201;0.225;0.071;0.23;0.066;0.045;0.363
PL;3;PL213;Miasto Kraków;3090;1016;589;4695;0.018;0.016;0.027;0.027;1025;49;1852;497;197;1373;0.205;0.01;0.371;0.1;0.039;0.275
PL;3;PL214;Krakowski;4488;525;304;5317;0.021;0.023;0.014;0.014;259;498;1136;238;298;2651;0.051;0.098;0.224;0.047;0.059;0.522
PL;3;PL217;Tarnowski;2473;352;202;3027;0.012;0.012;0.009;0.009;199;296;703;148;161;1430;0.068;0.101;0.239;0.05;0.055;0.487
PL;3;PL218;Nowos?decki;2781;499;291;3570;0.014;0.014;0.013;0.014;834;323;641;315;172;1292;0.233;0.09;0.179;0.088;0.048;0.361
PL;3;PL219;Nowotarski;1814;322;189;2325;0.009;0.009;0.009;0.009;482;255;236;259;128;969;0.207;0.11;0.101;0.111;0.055;0.416
PL;3;PL21A;O?wi?cimski;2833;512;296;3641;0.014;0.014;0.014;0.014;2287;173;613;33;56;486;0.627;0.047;0.168;0.009;0.015;0.133
PL;2;PL22;?l?skie;23858;4340;2504;30702;0.119;0.12;0.116;0.116;12988;1666;6673;1047;888;7766;0.419;0.054;0.215;0.034;0.029;0.25
PL;3;PL224;Cz?stochowski;3033;439;254;3726;0.014;0.015;0.012;0.012;653;359;760;180;178;1538;0.178;0.098;0.207;0.049;0.049;0.419
PL;3;PL225;Bielski;4412;629;372;5413;0.021;0.022;0.017;0.017;1080;480;1196;171;247;2197;0.201;0.089;0.223;0.032;0.046;0.409
PL;3;PL227;Rybnicki;3306;504;289;4099;0.016;0.017;0.013;0.013;2112;191;697;33;107;954;0.516;0.047;0.17;0.008;0.026;0.233
PL;3;PL228;Bytomski;2239;390;224;2853;0.011;0.011;0.01;0.01;1045;184;705;105;82;684;0.372;0.066;0.251;0.037;0.029;0.244
PL;3;PL229;Gliwicki;2144;484;275;2903;0.011;0.011;0.013;0.013;1473;75;810;127;53;467;0.49;0.025;0.269;0.042;0.018;0.155
PL;3;PL22A;Katowicki;3218;930;532;4680;0.018;0.016;0.025;0.025;2950;55;1155;273;49;448;0.598;0.011;0.234;0.055;0.01;0.091
PL;3;PL22B;Sosnowiecki;3563;626;363;4552;0.018;0.018;0.017;0.017;2914;186;754;38;71;619;0.636;0.041;0.164;0.008;0.015;0.135
PL;3;PL22C;Tyski;1943;339;196;2477;0.01;0.01;0.009;0.009;762;135;596;121;100;858;0.296;0.053;0.232;0.047;0.039;0.333
PL;1;PL3;REGION WSCHODNI;37194;5422;3127;45743;0.177;0.187;0.145;0.145;7393;7228;7578;2295;2030;17872;0.167;0.163;0.171;0.052;0.046;0.403
PL;2;PL31;Lubelskie;12271;1770;1015;15056;0.058;0.062;0.047;0.047;1604;2142;2565;922;747;6555;0.11;0.147;0.176;0.063;0.051;0.451
PL;3;PL311;Bialski;1887;245;140;2272;0.009;0.009;0.007;0.007;126;510;304;145;109;972;0.058;0.235;0.14;0.067;0.05;0.449
PL;3;PL312;Che?msko-zamojski;3976;488;280;4744;0.018;0.02;0.013;0.013;273;795;463;337;264;2357;0.061;0.177;0.103;0.075;0.059;0.525
PL;3;PL314;Lubelski;3547;669;383;4599;0.018;0.018;0.018;0.018;1006;290;1115;267;201;1708;0.219;0.063;0.243;0.058;0.044;0.372
PL;3;PL315;Pu?awski;2862;369;211;3442;0.013;0.014;0.01;0.01;199;547;683;173;172;1519;0.06;0.166;0.208;0.052;0.052;0.461
PL;2;PL32;Podkarpackie;11279;1650;951;13880;0.054;0.057;0.044;0.044;2030;2299;2929;473;579;5151;0.151;0.171;0.218;0.035;0.043;0.383
PL;3;PL323;Kro?nie?ski;2778;368;216;3361;0.013;0.014;0.01;0.01;174;825;703;152;139;1229;0.054;0.256;0.218;0.047;0.043;0.382
PL;3;PL324;Przemyski;2140;299;171;2610;0.01;0.011;0.008;0.008;156;467;567;126;118;1038;0.063;0.189;0.229;0.051;0.048;0.42
PL;3;PL325;Rzeszowski;3326;539;310;4174;0.016;0.017;0.014;0.014;564;469;978;166;195;1747;0.137;0.114;0.237;0.04;0.047;0.424
PL;3;PL326;Tarnobrzeski;3035;444;255;3734;0.014;0.015;0.012;0.012;1137;538;681;29;127;1137;0.312;0.148;0.187;0.008;0.035;0.312
PL;2;PL33;?wi?tokrzyskie;7055;1014;588;8657;0.034;0.035;0.027;0.027;2033;1218;633;587;411;3580;0.24;0.144;0.075;0.069;0.049;0.423
PL;3;PL331;Kielecki;4030;662;385;5077;0.02;0.02;0.018;0.018;682;702;264;564;293;2523;0.136;0.14;0.052;0.112;0.058;0.502
PL;3;PL332;Sandomiersko-j?drzejowski;3024;352;203;3580;0.014;0.015;0.009;0.009;1350;516;370;23;118;1057;0.393;0.15;0.108;0.007;0.034;0.308
PL;2;PL34;Podlaskie;6589;989;573;8151;0.032;0.033;0.026;0.027;1725;1569;1451;313;294;2586;0.217;0.198;0.183;0.039;0.037;0.326
PL;3;PL343;Bia?ostocki;2574;471;273;3318;0.013;0.013;0.013;0.013;1345;405;653;52;85;759;0.408;0.123;0.198;0.016;0.026;0.23
PL;3;PL344;?om?y?ski;2515;309;178;3002;0.012;0.013;0.008;0.008;182;714;533;150;133;1165;0.063;0.248;0.185;0.052;0.046;0.405
PL;3;PL345;Suwalski;1500;209;122;1831;0.007;0.008;0.006;0.006;199;450;265;111;77;662;0.113;0.255;0.15;0.063;0.043;0.375
PL;1;PL4;REGION PÓ?NOCNO-ZACHODNI;31158;5872;3345;40374;0.157;0.157;0.157;0.155;8895;5448;9245;2350;1522;13003;0.22;0.135;0.228;0.058;0.038;0.321
PL;2;PL41;Wielkopolskie;17995;3296;1873;23164;0.09;0.09;0.088;0.087;3947;2635;5513;1408;1003;8693;0.17;0.114;0.238;0.061;0.043;0.375
PL;3;PL411;Pilski;2089;334;191;2614;0.01;0.011;0.009;0.009;265;581;559;155;107;900;0.103;0.226;0.218;0.06;0.042;0.351
PL;3;PL414;Koni?ski;3470;516;295;4281;0.017;0.017;0.014;0.014;323;483;660;332;245;2155;0.077;0.115;0.157;0.079;0.058;0.513
PL;3;PL415;Miasto Pozna?;2450;872;495;3817;0.015;0.012;0.023;0.023;1904;48;1254;296;58;527;0.466;0.012;0.307;0.072;0.014;0.129
PL;3;PL416;Kaliski;3723;544;310;4576;0.018;0.019;0.015;0.014;445;541;1052;228;228;1994;0.099;0.12;0.234;0.051;0.051;0.444
PL;3;PL417;Leszczy?ski;2991;465;263;3719;0.014;0.015;0.012;0.012;593;539;845;140;157;1393;0.162;0.147;0.231;0.038;0.043;0.38
PL;3;PL418;Pozna?ski;3271;563;320;4155;0.016;0.016;0.015;0.015;417;444;1141;256;207;1725;0.1;0.106;0.272;0.061;0.049;0.412
PL;2;PL42;Zachodniopomorskie;8074;1696;976;10747;0.042;0.041;0.045;0.045;2622;1591;2408;785;378;3066;0.242;0.147;0.222;0.072;0.035;0.283
PL;3;PL424;Miasto Szczecin;1734;480;275;2489;0.01;0.009;0.013;0.013;1449;41;524;159;39;360;0.563;0.016;0.204;0.062;0.015;0.14
PL;3;PL426;Koszali?ski;1743;332;193;2268;0.009;0.009;0.009;0.009;309;570;581;146;78;589;0.136;0.251;0.256;0.064;0.034;0.259
PL;3;PL427;Szczecinecko-pyrzycki;2133;410;236;2779;0.011;0.011;0.011;0.011;470;536;488;243;116;933;0.169;0.192;0.175;0.087;0.042;0.335
PL;3;PL428;Szczeci?ski;2464;474;272;3211;0.012;0.012;0.013;0.013;394;443;815;236;146;1184;0.122;0.138;0.253;0.073;0.045;0.368
PL;2;PL43;Lubuskie;5089;880;496;6464;0.025;0.026;0.023;0.023;2326;1222;1323;158;141;1244;0.363;0.191;0.206;0.025;0.022;0.194
PL;3;PL431;Gorzowski;1857;333;188;2378;0.009;0.009;0.009;0.009;1000;482;462;29;40;352;0.423;0.204;0.195;0.012;0.017;0.149
PL;3;PL432;Zielonogórski;3232;547;308;4086;0.016;0.016;0.015;0.014;1325;740;861;129;101;893;0.327;0.183;0.213;0.032;0.025;0.22
PL;1;PL5;REGION PO?UDNIOWO-ZACHODNI;20511;3784;2144;26439;0.103;0.103;0.101;0.1;8700;2283;6434;1146;860;7211;0.327;0.086;0.242;0.043;0.032;0.271
PL;2;PL51;Dolno?l?skie;14751;2910;1650;19311;0.075;0.074;0.078;0.077;7548;1489;4703;817;541;4533;0.384;0.076;0.24;0.042;0.028;0.231
PL;3;PL514;Miasto Wroc?aw;2751;883;500;4134;0.016;0.014;0.024;0.023;2290;43;1280;258;49;454;0.524;0.01;0.293;0.059;0.011;0.104
PL;3;PL515;Jeleniogórski;3165;522;296;3984;0.015;0.016;0.014;0.014;2184;452;646;32;65;572;0.553;0.114;0.164;0.008;0.016;0.145
PL;3;PL516;Legnicko-g?ogowski;2071;407;231;2710;0.011;0.01;0.011;0.011;1086;222;742;111;76;665;0.374;0.076;0.256;0.038;0.026;0.229
PL;3;PL517;Wa?brzyski;3563;621;353;4538;0.018;0.018;0.017;0.016;939;313;1151;296;206;1581;0.209;0.07;0.257;0.066;0.046;0.352
PL;3;PL518;Wroc?awski;3201;476;268;3945;0.015;0.016;0.013;0.012;1049;460;884;121;145;1261;0.268;0.117;0.225;0.031;0.037;0.322
PL;2;PL52;Opolskie;5760;874;495;7128;0.028;0.029;0.023;0.023;1152;794;1731;328;319;2678;0.165;0.113;0.247;0.047;0.046;0.382
PL;3;PL523;Nyski;2225;311;176;2711;0.011;0.011;0.008;0.008;307;241;668;141;136;1116;0.118;0.092;0.256;0.054;0.052;0.428
PL;3;PL524;Opolski;3535;564;319;4418;0.017;0.018;0.015;0.015;844;553;1063;188;182;1562;0.192;0.126;0.242;0.043;0.042;0.356
PL;1;PL6;REGION PÓ?NOCNY;27550;5246;3039;35836;0.139;0.138;0.14;0.141;8624;4307;6472;2764;1470;12131;0.241;0.12;0.181;0.077;0.041;0.339
PL;2;PL61;Kujawsko-pomorskie;9916;1881;1079;12876;0.05;0.05;0.05;0.05;2950;1223;2401;1044;563;4680;0.229;0.095;0.187;0.081;0.044;0.364
PL;3;PL613;Bydgosko-toru?ski;3396;774;445;4615;0.018;0.017;0.021;0.021;2037;241;693;424;142;1169;0.433;0.051;0.147;0.09;0.03;0.248
PL;3;PL616;Grudzi?dzki;1950;303;174;2427;0.009;0.01;0.008;0.008;252;252;479;172;129;1084;0.107;0.106;0.202;0.073;0.054;0.458
PL;3;PL617;Inowroc?awski;1815;283;162;2260;0.009;0.009;0.008;0.008;246;235;475;152;117;980;0.112;0.107;0.216;0.069;0.053;0.444
PL;3;PL618;?wiecki;950;178;103;1230;0.005;0.005;0.005;0.005;169;265;113;138;60;488;0.137;0.215;0.092;0.112;0.049;0.396
PL;3;PL619;W?oc?awski;1805;343;195;2343;0.009;0.009;0.009;0.009;245;230;640;158;115;960;0.104;0.098;0.273;0.067;0.049;0.409
PL;2;PL62;Warmi?sko-mazurskie;6812;1216;703;8731;0.034;0.034;0.032;0.033;1769;1523;843;845;399;3239;0.205;0.177;0.098;0.098;0.046;0.376
PL;3;PL621;Elbl?ski;2540;428;247;3215;0.012;0.013;0.011;0.011;889;443;476;202;122;1026;0.282;0.14;0.151;0.064;0.039;0.325
PL;3;PL622;Olszty?ski;2941;560;325;3826;0.015;0.015;0.015;0.015;622;714;263;464;195;1560;0.163;0.187;0.069;0.121;0.051;0.409
PL;3;PL623;E?cki;1330;228;132;1690;0.007;0.007;0.006;0.006;258;366;104;180;82;653;0.157;0.223;0.064;0.109;0.05;0.397
PL;2;PL63;Pomorskie;10823;2149;1257;14229;0.055;0.054;0.057;0.058;3904;1561;3228;876;508;4213;0.273;0.109;0.226;0.061;0.036;0.295
PL;3;PL633;Trójmiejski;3176;913;535;4625;0.018;0.016;0.024;0.025;2621;74;1298;223;66;599;0.537;0.015;0.266;0.046;0.013;0.123
PL;3;PL634;Gda?ski;2937;412;244;3592;0.014;0.015;0.011;0.011;428;463;750;180;171;1464;0.124;0.134;0.217;0.052;0.049;0.424
PL;3;PL636;S?upski;1606;270;157;2034;0.008;0.008;0.007;0.007;311;398;460;128;81;628;0.155;0.198;0.229;0.064;0.04;0.313
PL;3;PL637;Chojnicki;1079;210;122;1411;0.005;0.005;0.006;0.006;229;346;86;173;66;514;0.162;0.245;0.061;0.122;0.047;0.364
PL;3;PL638;Starogardzki;2024;345;198;2567;0.01;0.01;0.009;0.009;315;280;634;171;125;1007;0.124;0.11;0.25;0.068;0.049;0.398
PL;1;PLZ;EXTRA-REGIO NUTS 1;;;;;;;;;;;;;;;;;;;;
PL;2;PLZZ;Extra-Regio NUTS 2;;;;;;;;;;;;;;;;;;;;
PL;3;PLZZZ;Extra-Regio NUTS 3;;;;;;;;;;;;;;;;;;;;
PT;0;PT;PORTUGAL;12249;6768;1963;20980;1;1;1;1;253;4470;4706;1603;1778;8161;0.012;0.213;0.224;0.076;0.085;0.389
PT;1;PT1;CONTINENTE;11898;6444;1896;20237;0.965;0.971;0.952;0.966;215;4305;4677;1526;1723;7796;0.011;0.213;0.231;0.075;0.085;0.385
PT;2;PT11;Norte;4557;1652;594;6802;0.324;0.372;0.244;0.302;63;1310;1398;512;656;2735;0.009;0.196;0.209;0.077;0.098;0.41
PT;3;PT111;Alto Minho;325;87;37;449;0.021;0.027;0.013;0.019;1;122;74;31;38;172;0.002;0.279;0.169;0.071;0.086;0.392
PT;3;PT112;Cávado;492;164;58;714;0.034;0.04;0.024;0.03;6;139;166;48;66;272;0.009;0.2;0.238;0.069;0.094;0.39
PT;3;PT119;Ave;508;193;62;764;0.036;0.041;0.029;0.032;9;159;146;58;73;316;0.012;0.209;0.192;0.076;0.096;0.415
PT;3;PT11A;Área Metropolitana do Porto;2121;786;278;3185;0.152;0.173;0.116;0.141;42;418;875;213;324;1231;0.014;0.135;0.282;0.069;0.104;0.397
PT;3;PT11B;Alto Tâmega;139;132;50;321;0.015;0.011;0.019;0.026;1;85;15;46;26;165;0.003;0.25;0.046;0.137;0.076;0.488
PT;3;PT11C;Tâmega e Sousa;502;125;41;667;0.032;0.041;0.018;0.021;2;164;60;52;71;288;0.003;0.257;0.094;0.082;0.112;0.452
PT;3;PT11D;Douro;284;86;33;403;0.019;0.023;0.013;0.017;1;104;25;37;41;185;0.002;0.264;0.064;0.095;0.103;0.471
PT;3;PT11E;Terras de Trás-os-Montes;187;79;34;300;0.014;0.015;0.012;0.018;1;119;36;26;19;106;0.003;0.389;0.116;0.084;0.061;0.346
PT;2;PT15;Algarve;517;381;73;971;0.046;0.042;0.056;0.037;4;215;47;103;110;494;0.004;0.221;0.049;0.106;0.113;0.507
PT;3;PT150;Algarve;517;381;73;971;0.046;0.042;0.056;0.037;4;215;47;103;110;494;0.004;0.221;0.049;0.106;0.113;0.507
PT;2;PT16;Centro (PT);2895;1306;382;4583;0.218;0.236;0.193;0.195;41;1432;871;300;279;1590;0.009;0.317;0.193;0.066;0.062;0.352
PT;3;PT16B;Oeste;402;219;44;665;0.032;0.033;0.032;0.022;7;138;128;50;52;278;0.01;0.212;0.196;0.076;0.08;0.426
PT;3;PT16D;Região de Aveiro;459;202;65;726;0.035;0.037;0.03;0.033;12;206;173;44;43;238;0.016;0.288;0.242;0.062;0.06;0.333
PT;3;PT16E;Região de Coimbra;600;259;84;943;0.045;0.049;0.038;0.043;2;325;179;61;53;311;0.002;0.349;0.192;0.065;0.057;0.334
PT;3;PT16F;Região de Leiria;350;175;50;575;0.027;0.029;0.026;0.025;13;186;118;35;30;186;0.023;0.329;0.208;0.061;0.053;0.328
PT;3;PT16G;Viseu Dão Lafões;336;151;49;536;0.026;0.027;0.022;0.025;1;203;90;36;28;173;0.002;0.382;0.169;0.068;0.053;0.326
PT;3;PT16H;Beira Baixa;116;60;16;191;0.009;0.009;0.009;0.008;5;100;30;9;4;42;0.026;0.524;0.159;0.047;0.023;0.221
PT;3;PT16I;Médio Tejo;297;139;38;474;0.023;0.024;0.021;0.019;1;157;85;31;27;165;0.002;0.337;0.182;0.067;0.059;0.353
PT;3;PT16J;Beiras e Serra da Estrela;335;101;37;473;0.023;0.027;0.015;0.019;1;116;69;34;41;197;0.002;0.254;0.15;0.075;0.09;0.429
PT;2;PT17;Área Metropolitana de Lisboa;3058;2645;729;6432;0.307;0.25;0.391;0.371;98;562;2216;521;639;2604;0.015;0.085;0.334;0.078;0.096;0.392
PT;3;PT170;Área Metropolitana de Lisboa;3058;2645;729;6432;0.307;0.25;0.391;0.371;98;562;2216;521;639;2604;0.015;0.085;0.334;0.078;0.096;0.392
PT;2;PT18;Alentejo;871;460;118;1449;0.069;0.071;0.068;0.06;8;785;145;90;39;373;0.006;0.545;0.1;0.063;0.027;0.259
PT;3;PT181;Alentejo Litoral;111;74;15;199;0.009;0.009;0.011;0.008;0;104;28;12;5;55;0.002;0.506;0.138;0.059;0.025;0.27
PT;3;PT184;Baixo Alentejo;147;67;20;234;0.011;0.012;0.01;0.01;1;139;7;17;7;63;0.002;0.594;0.031;0.071;0.031;0.271
PT;3;PT185;Lezíria do Tejo;273;156;34;462;0.022;0.022;0.023;0.017;6;232;59;27;12;120;0.013;0.509;0.129;0.06;0.026;0.263
PT;3;PT186;Alto Alentejo;143;64;19;227;0.011;0.012;0.009;0.01;0;125;38;9;5;44;0.002;0.563;0.172;0.042;0.021;0.199
PT;3;PT187;Alentejo Central;197;100;30;327;0.016;0.016;0.015;0.016;1;185;12;25;10;91;0.002;0.572;0.038;0.076;0.032;0.281
PT;1;PT2;REGIÃO AUTÓNOMA DOS AÇORES;205;118;37;360;0.017;0.017;0.017;0.019;25;87;13;36;29;168;0.069;0.244;0.036;0.1;0.082;0.47
PT;2;PT20;Região Autónoma dos Açores;205;118;37;360;0.017;0.017;0.017;0.019;25;87;13;36;29;168;0.069;0.244;0.036;0.1;0.082;0.47
PT;3;PT200;Região Autónoma dos Açores;205;118;37;360;0.017;0.017;0.017;0.019;25;87;13;36;29;168;0.069;0.244;0.036;0.1;0.082;0.47
PT;1;PT3;REGIÃO AUTÓNOMA DA MADEIRA;146;201;26;374;0.018;0.012;0.03;0.013;14;78;17;41;26;197;0.037;0.209;0.045;0.111;0.069;0.529
PT;2;PT30;Região Autónoma da Madeira;146;201;26;374;0.018;0.012;0.03;0.013;14;78;17;41;26;197;0.037;0.209;0.045;0.111;0.069;0.529
PT;3;PT300;Região Autónoma da Madeira;146;201;26;374;0.018;0.012;0.03;0.013;14;78;17;41;26;197;0.037;0.209;0.045;0.111;0.069;0.529
PT;1;PTZ;EXTRA-REGIO NUTS 1;;;;;;;;;;;;;;;;;;;;
PT;2;PTZZ;Extra-Regio NUTS 2;;;;;;;;;;;;;;;;;;;;
PT;3;PTZZZ;Extra-Regio NUTS 3;;;;;;;;;;;;;;;;;;;;
RO;0;RO;ROMÂNIA;61800;8245;4225;74270;1;1;1;1;14229;34141;22695;567;1267;1357;0.192;0.46;0.306;0.008;0.017;0.018
RO;1;RO1;MACROREGIUNEA UNU;16124;1884;963;18971;0.255;0.261;0.229;0.228;2219;10353;5638;197;277;206;0.117;0.548;0.298;0.01;0.015;0.011
RO;2;RO11;Nord-Vest;8245;974;491;9709;0.131;0.133;0.118;0.116;1170;5323;2682;138;160;150;0.122;0.553;0.279;0.014;0.017;0.016
RO;3;RO111;Bihor;1732;190;96;2018;0.027;0.028;0.023;0.023;438;1162;337;34;11;15;0.219;0.582;0.169;0.017;0.005;0.007
RO;3;RO112;Bistri?a-N?s?ud;879;79;49;1007;0.014;0.014;0.01;0.012;40;686;229;15;8;8;0.041;0.695;0.232;0.016;0.008;0.008
RO;3;RO113;Cluj;2213;387;181;2781;0.037;0.036;0.047;0.043;484;1080;1115;34;75;53;0.17;0.38;0.392;0.012;0.026;0.019
RO;3;RO114;Maramure?;1635;169;80;1883;0.025;0.026;0.02;0.019;84;1224;461;30;16;15;0.046;0.669;0.252;0.016;0.009;0.008
RO;3;RO115;Satu Mare;1095;84;50;1229;0.017;0.018;0.01;0.012;61;643;370;13;45;54;0.052;0.541;0.312;0.011;0.038;0.046
RO;3;RO116;S?laj;691;64;35;791;0.011;0.011;0.008;0.008;62;526;169;12;6;6;0.08;0.674;0.216;0.015;0.007;0.008
RO;2;RO12;Centru;7878;910;472;9261;0.125;0.127;0.11;0.112;1049;5031;2956;59;116;55;0.113;0.543;0.319;0.006;0.013;0.006
RO;3;RO121;Alba;1166;127;69;1362;0.018;0.019;0.015;0.016;57;861;416;16;11;9;0.042;0.628;0.303;0.012;0.008;0.007
RO;3;RO122;Bra?ov;1890;303;126;2320;0.031;0.031;0.037;0.03;584;865;853;4;44;13;0.247;0.366;0.361;0.002;0.019;0.005
RO;3;RO123;Covasna;689;58;36;783;0.011;0.011;0.007;0.008;35;485;232;5;7;4;0.045;0.631;0.302;0.006;0.009;0.006
RO;3;RO124;Harghita;1099;101;57;1257;0.017;0.018;0.012;0.013;55;883;256;21;10;10;0.045;0.715;0.208;0.017;0.008;0.008
RO;3;RO125;Mure?;1725;163;95;1984;0.027;0.028;0.02;0.023;96;1164;657;11;19;11;0.049;0.594;0.336;0.006;0.009;0.006
RO;3;RO126;Sibiu;1309;157;90;1556;0.021;0.021;0.019;0.021;222;773;541;2;25;8;0.141;0.492;0.344;0.001;0.016;0.005
RO;1;RO2;MACROREGIUNEA DOI;17728;1745;946;20418;0.275;0.287;0.212;0.224;3331;10533;5011;221;427;461;0.167;0.527;0.251;0.011;0.021;0.023
RO;2;RO21;Nord-Est;10190;962;540;11693;0.157;0.165;0.117;0.128;1664;6675;2332;167;235;273;0.147;0.588;0.206;0.015;0.021;0.024
RO;3;RO211;Bac?u;1883;187;95;2166;0.029;0.03;0.023;0.023;533;1166;410;2;5;6;0.251;0.549;0.193;0.001;0.003;0.003
RO;3;RO212;Boto?ani;1256;98;58;1412;0.019;0.02;0.012;0.014;73;938;160;40;60;79;0.054;0.695;0.118;0.03;0.045;0.058
RO;3;RO213;Ia?i;2226;271;161;2658;0.036;0.036;0.033;0.038;676;1117;602;52;88;98;0.257;0.424;0.229;0.02;0.033;0.037
RO;3;RO214;Neam?;1560;131;71;1761;0.024;0.025;0.016;0.017;104;1029;517;13;21;11;0.061;0.607;0.305;0.008;0.013;0.006
RO;3;RO215;Suceava;2112;186;101;2398;0.032;0.034;0.023;0.024;225;1583;438;34;11;16;0.097;0.686;0.19;0.015;0.005;0.007
RO;3;RO216;Vaslui;1153;89;54;1296;0.017;0.019;0.011;0.013;54;842;205;26;50;64;0.044;0.679;0.165;0.021;0.04;0.051
RO;2;RO22;Sud-Est;7537;783;406;8726;0.117;0.122;0.095;0.096;1667;3857;2679;54;192;188;0.193;0.447;0.31;0.006;0.022;0.022
RO;3;RO221;Br?ila;837;75;46;958;0.013;0.014;0.009;0.011;85;368;418;8;40;37;0.089;0.385;0.438;0.008;0.041;0.038
RO;3;RO222;Buz?u;1405;111;61;1577;0.021;0.023;0.013;0.014;73;1001;411;20;11;11;0.048;0.656;0.269;0.013;0.007;0.007
RO;3;RO223;Constan?a;1958;305;131;2394;0.032;0.032;0.037;0.031;709;608;966;4;81;70;0.291;0.249;0.396;0.001;0.033;0.029
RO;3;RO224;Gala?i;1596;141;86;1824;0.025;0.026;0.017;0.02;724;607;355;4;45;58;0.404;0.338;0.198;0.002;0.025;0.032
RO;3;RO225;Tulcea;664;63;35;763;0.01;0.011;0.008;0.008;33;513;187;12;6;6;0.044;0.677;0.247;0.016;0.008;0.008
RO;3;RO226;Vrancea;1076;87;46;1209;0.016;0.017;0.011;0.011;41;760;340;6;9;6;0.035;0.654;0.293;0.005;0.007;0.005
RO;1;RO3;MACROREGIUNEA TREI;15827;3283;1643;20753;0.279;0.256;0.398;0.389;5931;6077;8429;78;355;435;0.278;0.285;0.396;0.004;0.017;0.02
RO;2;RO31;Sud - Muntenia;9046;845;462;10353;0.139;0.146;0.102;0.109;1230;5205;3178;46;266;331;0.12;0.508;0.31;0.004;0.026;0.032
RO;3;RO311;Arge?;1912;191;103;2206;0.03;0.031;0.023;0.024;366;1189;632;2;12;7;0.166;0.538;0.286;0.001;0.006;0.003
RO;3;RO312;C?l?ra?i;778;67;37;883;0.012;0.013;0.008;0.009;26;411;349;8;33;41;0.03;0.473;0.402;0.009;0.038;0.048
RO;3;RO313;Dâmbovi?a;1459;140;70;1669;0.022;0.024;0.017;0.017;139;906;521;2;35;44;0.085;0.55;0.316;0.001;0.021;0.027
RO;3;RO314;Giurgiu;797;93;35;926;0.012;0.013;0.011;0.008;78;444;310;1;31;40;0.086;0.491;0.343;0.001;0.034;0.045
RO;3;RO315;Ialomi?a;744;74;36;854;0.012;0.012;0.009;0.009;30;437;285;13;32;41;0.036;0.521;0.34;0.016;0.038;0.049
RO;3;RO316;Prahova;2262;202;130;2595;0.035;0.037;0.025;0.031;550;1141;762;3;68;88;0.211;0.437;0.292;0.001;0.026;0.034
RO;3;RO317;Teleorman;1093;77;49;1220;0.016;0.018;0.009;0.012;41;678;319;17;54;69;0.034;0.575;0.271;0.015;0.046;0.059
RO;2;RO32;Bucure?ti - Ilfov;6781;2438;1181;10400;0.14;0.11;0.296;0.28;4701;872;5250;32;89;104;0.425;0.079;0.475;0.003;0.008;0.009
RO;3;RO321;Bucure?ti;5603;2164;1081;8847;0.119;0.091;0.262;0.256;4362;377;4587;29;50;54;0.461;0.04;0.485;0.003;0.005;0.006
RO;3;RO322;Ilfov;1178;275;100;1553;0.021;0.019;0.033;0.024;339;495;663;3;39;50;0.213;0.311;0.417;0.002;0.024;0.032
RO;1;RO4;MACROREGIUNEA PATRU;12122;1328;664;14114;0.19;0.196;0.161;0.157;2748;7178;3618;71;209;256;0.195;0.51;0.257;0.005;0.015;0.018
RO;2;RO41;Sud-Vest Oltenia;6190;561;318;7069;0.095;0.1;0.068;0.075;1165;3895;1589;43;128;162;0.167;0.558;0.228;0.006;0.018;0.023
RO;3;RO411;Dolj;1991;182;109;2282;0.031;0.032;0.022;0.026;593;923;582;2;62;80;0.265;0.411;0.26;0.001;0.028;0.036
RO;3;RO412;Gorj;993;110;56;1159;0.016;0.016;0.013;0.013;192;714;272;1;3;4;0.162;0.602;0.23;0.001;0.002;0.003
RO;3;RO413;Mehedin?i;778;64;38;880;0.012;0.013;0.008;0.009;68;662;89;21;7;9;0.079;0.774;0.104;0.025;0.008;0.01
RO;3;RO414;Olt;1278;83;55;1415;0.019;0.021;0.01;0.013;142;775;319;16;53;65;0.103;0.566;0.233;0.012;0.038;0.048
RO;3;RO415;Vâlcea;1150;123;61;1334;0.018;0.019;0.015;0.014;171;820;327;1;3;4;0.129;0.618;0.246;0.001;0.002;0.003
RO;2;RO42;Vest;5932;767;346;7044;0.095;0.096;0.093;0.082;1583;3283;2028;28;81;95;0.223;0.462;0.286;0.004;0.011;0.013
RO;3;RO421;Arad;1413;156;75;1644;0.022;0.023;0.019;0.018;186;999;450;2;5;5;0.113;0.607;0.273;0.001;0.003;0.003
RO;3;RO422;Cara?-Severin;1036;114;51;1200;0.016;0.017;0.014;0.012;63;765;310;20;13;10;0.053;0.648;0.263;0.017;0.011;0.009
RO;3;RO423;Hunedoara;1214;141;65;1420;0.019;0.02;0.017;0.015;566;591;263;2;4;3;0.396;0.414;0.184;0.001;0.003;0.002
RO;3;RO424;Timi?;2269;356;155;2779;0.037;0.037;0.043;0.037;769;927;1006;4;60;76;0.271;0.326;0.354;0.002;0.021;0.027
RO;1;ROZ;EXTRA-REGIO NUTS 1;;;;;;;;;;;;;;;;;;;;
RO;2;ROZZ;Extra-Regio NUTS 2;;;;;;;;;;;;;;;;;;;;
RO;3;ROZZZ;Extra-Regio NUTS 3;;;;;;;;;;;;;;;;;;;;
SI;0;SI;SLOVENIJA;11523;1682;781;13987;1;1;1;1;1406;5678;1535;1345;1089;2933;0.101;0.406;0.11;0.096;0.078;0.21
SI;1;SI0;SLOVENIJA;11523;1682;781;13987;1;1;1;1;1406;5678;1535;1345;1089;2933;0.101;0.406;0.11;0.096;0.078;0.21
SI;2;SI03;Vzhodna Slovenija;6158;678;314;7150;0.511;0.534;0.403;0.402;923;3023;792;476;528;1302;0.131;0.429;0.112;0.068;0.075;0.185
SI;3;SI031;Pomurska;695;69;30;794;0.057;0.06;0.041;0.038;44;250;91;58;96;224;0.058;0.327;0.12;0.076;0.126;0.293
SI;3;SI032;Podravska;1780;227;107;2114;0.151;0.154;0.135;0.137;82;615;262;205;272;647;0.039;0.295;0.126;0.098;0.131;0.311
SI;3;SI033;Koroška;425;38;20;483;0.035;0.037;0.023;0.025;32;287;54;30;18;50;0.068;0.608;0.114;0.064;0.039;0.107
SI;3;SI034;Savinjska;1416;163;72;1651;0.118;0.123;0.097;0.092;693;651;157;26;32;85;0.422;0.396;0.096;0.016;0.019;0.052
SI;3;SI035;Zasavska;291;28;14;333;0.024;0.025;0.016;0.018;10;118;37;27;37;94;0.031;0.365;0.114;0.083;0.115;0.291
SI;3;SI036;Posavska;423;44;19;487;0.035;0.037;0.026;0.025;20;209;60;38;45;109;0.042;0.434;0.124;0.078;0.094;0.227
SI;3;SI037;Jugovzhodna Slovenija;793;81;39;913;0.065;0.069;0.048;0.05;30;627;95;69;20;70;0.033;0.688;0.105;0.076;0.022;0.076
SI;3;SI038;Primorsko-notranjska;335;29;13;377;0.027;0.029;0.017;0.017;11;267;35;23;6;23;0.029;0.732;0.095;0.064;0.017;0.062
SI;2;SI04;Zahodna Slovenija;5365;1004;467;6836;0.489;0.466;0.597;0.598;484;2655;744;869;561;1631;0.07;0.382;0.107;0.125;0.081;0.235
SI;3;SI041;Osrednjeslovenska;2789;672;322;3783;0.27;0.242;0.4;0.412;364;1100;419;584;371;1087;0.093;0.28;0.107;0.149;0.095;0.277
SI;3;SI042;Gorenjska;1247;132;63;1442;0.103;0.108;0.079;0.08;57;692;151;119;106;288;0.041;0.49;0.107;0.084;0.075;0.204
SI;3;SI043;Goriška;760;75;44;878;0.063;0.066;0.044;0.056;36;565;93;68;26;80;0.042;0.651;0.108;0.078;0.03;0.092
SI;3;SI044;Obalno-kraška;569;125;38;732;0.052;0.049;0.074;0.049;26;299;80;99;58;176;0.035;0.404;0.109;0.133;0.079;0.239
SI;1;SIZ;EXTRA-REGIO NUTS 1;;;;;;;;;;;;;;;;;;;;
SI;2;SIZZ;Extra-Regio NUTS 2;;;;;;;;;;;;;;;;;;;;
SI;3;SIZZZ;Extra-Regio NUTS 3;;;;;;;;;;;;;;;;;;;;
SK;0;SK;SLOVENSKO;20212;12592;6992;39796;1;1;1;1;15330;577;20666;958;696;1571;0.385;0.014;0.519;0.024;0.017;0.039
SK;1;SK0;SLOVENSKO;20212;12592;6992;39796;1;1;1;1;15330;577;20666;958;696;1571;0.385;0.014;0.519;0.024;0.017;0.039
SK;2;SK01;Bratislavský kraj;2346;3768;1864;7978;0.2;0.116;0.299;0.267;4958;29;3168;131;28;178;0.584;0.003;0.373;0.015;0.003;0.021
SK;3;SK010;Bratislavský kraj;2346;3768;1864;7978;0.2;0.116;0.299;0.267;4958;29;3168;131;28;178;0.584;0.003;0.373;0.015;0.003;0.021
SK;2;SK02;Západné Slovensko;7045;3544;2022;12611;0.317;0.349;0.281;0.289;5018;142;6507;233;236;430;0.399;0.011;0.518;0.019;0.019;0.034
SK;3;SK021;Trnavský kraj;2029;1188;647;3863;0.097;0.1;0.094;0.092;2079;32;1742;15;14;26;0.532;0.008;0.446;0.004;0.004;0.007
SK;3;SK022;Tren?iansky kraj;2355;1087;744;4187;0.105;0.117;0.086;0.106;1697;61;2117;50;85;132;0.41;0.015;0.511;0.012;0.021;0.032
SK;3;SK023;Nitriansky kraj;2661;1269;631;4561;0.115;0.132;0.101;0.09;1242;49;2648;168;137;272;0.275;0.011;0.586;0.037;0.03;0.06
SK;2;SK03;Stredné Slovensko;5382;2557;1528;9467;0.238;0.266;0.203;0.219;2483;218;5569;299;218;485;0.268;0.023;0.601;0.032;0.023;0.052
SK;3;SK031;Žilinský kraj;2755;1405;842;5002;0.126;0.136;0.112;0.12;845;108;3207;271;138;380;0.171;0.022;0.648;0.055;0.028;0.077
SK;3;SK032;Banskobystrický kraj;2627;1152;686;4465;0.112;0.13;0.091;0.098;1638;109;2362;28;80;105;0.379;0.025;0.547;0.006;0.019;0.024
SK;2;SK04;Východné Slovensko;5440;2723;1578;9740;0.245;0.269;0.216;0.226;2871;188;5423;294;215;478;0.303;0.02;0.573;0.031;0.023;0.05
SK;3;SK041;Prešovský kraj;2742;1205;743;4690;0.118;0.136;0.096;0.106;709;120;2986;228;133;332;0.157;0.027;0.662;0.051;0.029;0.074
SK;3;SK042;Košický kraj;2698;1518;834;5050;0.127;0.133;0.121;0.119;2162;68;2436;66;82;145;0.436;0.014;0.491;0.013;0.017;0.029
SK;1;SKZ;EXTRA-REGIO NUTS 1;;;;;;;;;;;;;;;;;;;;
SK;2;SKZZ;Extra-Regio NUTS 2;;;;;;;;;;;;;;;;;;;;
SK;3;SKZZZ;Extra-Regio NUTS 3;;;;;;;;;;;;;;;;;;;;
FI;0;FI;SUOMI / FINLAND;58513;10634;9001;78148;1;1;1;1;33703;12017;465;6496;17012;8443;0.431;0.154;0.006;0.083;0.218;0.108
FI;1;FI1;MANNER-SUOMI;58210;10555;8942;77707;0.994;0.995;0.993;0.993;33579;11952;465;6438;16886;8379;0.432;0.154;0.006;0.083;0.217;0.108
FI;2;FI19;Länsi-Suomi;14918;2150;1977;19045;0.244;0.255;0.202;0.22;6432;3031;65;1751;5106;2519;0.34;0.16;0.003;0.093;0.27;0.133
FI;3;FI193;Keski-Suomi;3036;419;388;3843;0.049;0.052;0.039;0.043;1439;811;4;277;882;355;0.382;0.215;0.001;0.073;0.234;0.094
FI;3;FI194;Etelä-Pohjanmaa;2139;278;254;2672;0.034;0.037;0.026;0.028;642;575;3;267;799;339;0.245;0.219;0.001;0.102;0.305;0.129
FI;3;FI195;Pohjanmaa;1961;269;260;2490;0.032;0.034;0.025;0.029;1261;406;2;123;553;159;0.504;0.162;0.001;0.049;0.221;0.064
FI;3;FI196;Satakunta;2595;332;313;3240;0.041;0.044;0.031;0.035;1132;466;3;276;993;349;0.352;0.145;0.001;0.086;0.308;0.108
FI;3;FI197;Pirkanmaa;5186;852;763;6800;0.087;0.089;0.08;0.085;1959;774;53;809;1879;1316;0.288;0.114;0.008;0.119;0.277;0.194
FI;2;FI1B;Helsinki-Uusimaa;14957;4466;3227;22650;0.29;0.256;0.42;0.358;14447;984;308;1919;3623;2053;0.619;0.042;0.013;0.082;0.155;0.088
FI;3;FI1B1;Helsinki-Uusimaa;14957;4466;3227;22650;0.29;0.256;0.42;0.358;14447;984;308;1919;3623;2053;0.619;0.042;0.013;0.082;0.155;0.088
FI;2;FI1C;Etelä-Suomi;12943;1912;1717;16571;0.212;0.221;0.18;0.191;6783;1887;73;1387;4334;1913;0.414;0.115;0.004;0.085;0.265;0.117
FI;3;FI1C1;Varsinais-Suomi;5033;777;707;6517;0.083;0.086;0.073;0.079;2537;618;7;638;1762;905;0.392;0.096;0.001;0.099;0.273;0.14
FI;3;FI1C2;Kanta-Häme;1945;274;263;2481;0.032;0.033;0.026;0.029;851;314;17;231;700;330;0.348;0.129;0.007;0.094;0.287;0.135
FI;3;FI1C3;Päijät-Häme;2287;326;281;2895;0.037;0.039;0.031;0.031;1446;317;14;175;667;221;0.509;0.112;0.005;0.062;0.235;0.078
FI;3;FI1C4;Kymenlaakso;2132;317;270;2719;0.035;0.036;0.03;0.03;1254;332;22;174;680;217;0.468;0.124;0.008;0.065;0.254;0.081
FI;3;FI1C5;Etelä-Karjala;1546;218;196;1960;0.025;0.026;0.02;0.022;695;307;13;170;524;240;0.357;0.157;0.007;0.087;0.269;0.123
FI;2;FI1D;Pohjois- ja Itä-Suomi;15393;2028;2021;19442;0.249;0.263;0.191;0.225;5917;6050;19;1381;3823;1894;0.31;0.317;0.001;0.072;0.2;0.099
FI;3;FI1D1;Etelä-Savo;1934;227;219;2380;0.03;0.033;0.021;0.024;613;641;2;196;564;289;0.266;0.278;0.001;0.085;0.245;0.126
FI;3;FI1D2;Pohjois-Savo;2891;391;387;3669;0.047;0.049;0.037;0.043;1025;770;4;355;943;507;0.284;0.214;0.001;0.098;0.262;0.141
FI;3;FI1D3;Pohjois-Karjala;2057;249;238;2544;0.033;0.035;0.023;0.026;835;753;2;156;519;210;0.337;0.304;0.001;0.063;0.21;0.085
FI;3;FI1D4;Kainuu;1064;121;131;1316;0.017;0.018;0.011;0.015;429;615;1;43;123;64;0.336;0.482;0.001;0.034;0.097;0.051
FI;3;FI1D5;Keski-Pohjanmaa;739;115;99;953;0.012;0.013;0.011;0.011;351;216;1;69;232;80;0.37;0.228;0.001;0.073;0.244;0.084
FI;3;FI1D6;Pohjois-Pohjanmaa;4304;617;626;5547;0.071;0.074;0.058;0.069;1840;1359;6;449;1269;573;0.335;0.247;0.001;0.082;0.231;0.104
FI;3;FI1D7;Lappi;2404;308;321;3033;0.039;0.041;0.029;0.036;824;1696;3;114;174;170;0.276;0.569;0.001;0.038;0.058;0.057
FI;1;FI2;ÅLAND;303;75;51;429;0.005;0.005;0.007;0.006;124;65;1;58;125;63;0.285;0.149;0.001;0.133;0.287;0.145
FI;2;FI20;Åland;303;75;51;429;0.005;0.005;0.007;0.006;124;65;1;58;125;63;0.285;0.149;0.001;0.133;0.287;0.145
FI;3;FI200;Åland;303;75;51;429;0.005;0.005;0.007;0.006;124;65;1;58;125;63;0.285;0.149;0.001;0.133;0.287;0.145
FI;1;FIZ;EXTRA-REGIO NUTS 1;;;;;;;;;;;;;;;;;;;;
FI;2;FIZZ;Extra-Regio NUTS 2;;;;;;;;;;;;;;;;;;;;
FI;3;FIZZZ;Extra-Regio NUTS 3;;;;;;;;;;;;;;;;;;;;
SE;0;SE;SVERIGE;70410;15538;13483;99430;1;1;1;1;49019;12061;1857;15872;14703;5907;0.493;0.121;0.019;0.16;0.148;0.059
SE;1;SE1;ÖSTRA SVERIGE;24831;7630;5922;38384;0.386;0.353;0.491;0.439;25083;2123;228;4946;4026;2737;0.641;0.054;0.006;0.126;0.103;0.07
SE;2;SE11;Stockholm;13114;5683;3834;22630;0.228;0.186;0.366;0.284;14293;571;161;3533;2477;2536;0.606;0.024;0.007;0.15;0.105;0.108
SE;3;SE110;Stockholms län;13114;5683;3834;22630;0.228;0.186;0.366;0.284;14293;571;161;3533;2477;2536;0.606;0.024;0.007;0.15;0.105;0.108
SE;2;SE12;Östra Mellansverige;11718;1947;2089;15754;0.158;0.166;0.125;0.155;10789;1553;67;1413;1549;201;0.693;0.1;0.004;0.091;0.099;0.013
SE;3;SE121;Uppsala län;2347;416;535;3298;0.033;0.033;0.027;0.04;2067;324;16;391;424;64;0.629;0.099;0.005;0.119;0.129;0.02
SE;3;SE122;Södermanlands län;2024;314;312;2649;0.027;0.029;0.02;0.023;1650;256;10;307;346;31;0.634;0.098;0.004;0.118;0.133;0.012
SE;3;SE123;Östergötlands län;3176;562;557;4295;0.043;0.045;0.036;0.041;3113;410;18;315;343;48;0.733;0.097;0.004;0.074;0.081;0.011
SE;3;SE124;Örebro län;2228;349;374;2951;0.03;0.032;0.022;0.028;1848;352;12;316;354;35;0.633;0.121;0.004;0.108;0.121;0.012
SE;3;SE125;Västmanlands län;1943;307;311;2561;0.026;0.028;0.02;0.023;2112;210;10;83;83;23;0.838;0.083;0.004;0.033;0.033;0.009
SE;1;SE2;SÖDRA SVERIGE;30147;5612;5112;40871;0.411;0.428;0.361;0.379;17029;3833;1536;7954;7945;2086;0.422;0.095;0.038;0.197;0.197;0.052
SE;2;SE21;Småland med öarna;6494;976;968;8438;0.085;0.092;0.063;0.072;3093;1461;93;1607;1625;391;0.374;0.177;0.011;0.194;0.196;0.047
SE;3;SE211;Jönköpings län;2655;410;411;3476;0.035;0.038;0.026;0.03;1047;485;72;800;774;233;0.307;0.142;0.021;0.235;0.227;0.068
SE;3;SE212;Kronobergs län;1490;240;224;1955;0.02;0.021;0.015;0.017;957;382;8;256;279;40;0.498;0.199;0.004;0.133;0.145;0.021
SE;3;SE213;Kalmar län;1902;256;257;2415;0.024;0.027;0.016;0.019;820;486;10;461;473;106;0.348;0.206;0.004;0.196;0.201;0.045
SE;3;SE214;Gotlands län;446;71;75;593;0.006;0.006;0.005;0.006;269;108;3;89;99;12;0.463;0.186;0.004;0.154;0.17;0.021
SE;2;SE22;Sydsverige;9924;1863;1708;13495;0.136;0.141;0.12;0.127;7000;831;590;2143;2266;425;0.528;0.063;0.045;0.162;0.171;0.032
SE;3;SE221;Blekinge län;1199;171;186;1556;0.016;0.017;0.011;0.014;287;204;8;449;434;137;0.189;0.134;0.005;0.295;0.286;0.09
SE;3;SE224;Skåne län;8725;1692;1522;11939;0.12;0.124;0.109;0.113;6713;628;582;1694;1832;288;0.572;0.053;0.05;0.144;0.156;0.025
SE;2;SE23;Västsverige;13729;2773;2435;18938;0.19;0.195;0.178;0.181;6935;1541;853;4204;4054;1269;0.368;0.082;0.045;0.223;0.215;0.067
SE;3;SE231;Hallands län;2318;370;344;3031;0.03;0.033;0.024;0.025;665;335;182;783;780;207;0.225;0.114;0.062;0.265;0.264;0.07
SE;3;SE232;Västra Götalands län;11411;2404;2092;15907;0.16;0.162;0.155;0.155;6270;1205;671;3421;3274;1063;0.394;0.076;0.042;0.215;0.206;0.067
SE;1;SE3;NORRA SVERIGE;15432;2292;2440;20164;0.203;0.219;0.148;0.181;6908;6105;93;2972;2732;1084;0.347;0.307;0.005;0.149;0.137;0.054
SE;2;SE31;Norra Mellansverige;7336;1007;1075;9417;0.095;0.104;0.065;0.08;3049;2245;43;1713;1654;521;0.33;0.243;0.005;0.186;0.179;0.057
SE;3;SE311;Värmlands län;2381;320;338;3040;0.031;0.034;0.021;0.025;635;650;15;732;689;241;0.214;0.22;0.005;0.247;0.233;0.081
SE;3;SE312;Dalarnas län;2532;364;371;3267;0.033;0.036;0.023;0.027;806;942;15;638;594;225;0.25;0.293;0.005;0.198;0.185;0.07
SE;3;SE313;Gävleborgs län;2422;322;366;3110;0.031;0.034;0.021;0.027;1608;653;13;343;371;55;0.528;0.215;0.004;0.113;0.122;0.018
SE;2;SE32;Mellersta Norrland;3407;557;547;4512;0.045;0.048;0.036;0.041;1231;1458;22;760;670;317;0.276;0.327;0.005;0.17;0.15;0.071
SE;3;SE321;Västernorrlands län;2222;389;356;2966;0.03;0.032;0.025;0.026;667;737;16;658;587;266;0.227;0.252;0.005;0.225;0.2;0.091
SE;3;SE322;Jämtlands län;1185;169;192;1546;0.016;0.017;0.011;0.014;564;721;7;101;83;50;0.37;0.473;0.004;0.066;0.054;0.033
SE;2;SE33;Övre Norrland;4689;728;818;6235;0.063;0.067;0.047;0.061;2628;2401;29;499;409;246;0.423;0.387;0.005;0.08;0.066;0.04
SE;3;SE331;Västerbottens län;2382;368;411;3161;0.032;0.034;0.024;0.031;1233;1171;15;303;253;142;0.396;0.376;0.005;0.097;0.081;0.045
SE;3;SE332;Norrbottens län;2307;360;407;3074;0.031;0.033;0.023;0.03;1395;1230;14;197;155;104;0.451;0.397;0.005;0.064;0.05;0.034
SE;1;SEZ;EXTRA-REGIO NUTS 1;;3;8;11;;;;;;;;;;;;;;;;
SE;2;SEZZ;Extra-Regio NUTS 2;;3;8;11;;;;;;;;;;;;;;;;
SE;3;SEZZZ;Extra-Regio NUTS 3;;3;8;11;;;;;;;;;;;;;;;;
UK;0;UK;UNITED KINGDOM;360297;69558;38078;467933;1;1;1;1;5424;5148;375304;10079;30549;41245;0.012;0.011;0.802;0.022;0.065;0.088
UK;1;UKC;NORTH EAST (ENGLAND);16303;2616;1612;20531;0.044;0.045;0.038;0.042;192;158;16675;426;1240;1684;0.009;0.008;0.818;0.021;0.061;0.083
UK;2;UKC1;Tees Valley and Durham;7350;1052;661;9063;0.019;0.02;0.015;0.017;51;53;8562;24;102;134;0.006;0.006;0.959;0.003;0.011;0.015
UK;3;UKC11;Hartlepool and Stockton-on-Tees;1723;265;162;2149;0.005;0.005;0.004;0.004;8;8;2060;6;24;32;0.004;0.004;0.964;0.003;0.011;0.015
UK;3;UKC12;South Teesside;1735;263;163;2161;0.005;0.005;0.004;0.004;28;11;2032;6;24;32;0.013;0.005;0.953;0.003;0.011;0.015
UK;3;UKC13;Darlington;668;138;74;880;0.002;0.002;0.002;0.002;2;2;863;3;10;13;0.003;0.003;0.966;0.003;0.011;0.014
UK;3;UKC14;Durham CC;3224;387;261;3872;0.008;0.009;0.006;0.007;13;32;3607;9;44;57;0.004;0.008;0.959;0.002;0.012;0.015
UK;2;UKC2;Northumberland and Tyne and Wear;8953;1564;951;11468;0.025;0.025;0.022;0.025;140;105;8113;402;1138;1550;0.012;0.009;0.709;0.035;0.099;0.135
UK;3;UKC21;Northumberland;2156;257;157;2570;0.005;0.006;0.004;0.004;30;68;2321;6;29;38;0.012;0.027;0.931;0.002;0.012;0.015
UK;3;UKC22;Tyneside;5091;1031;641;6762;0.014;0.014;0.015;0.017;101;29;4596;306;751;1038;0.015;0.004;0.674;0.045;0.11;0.152
UK;3;UKC23;Sunderland;1706;276;154;2136;0.005;0.005;0.004;0.004;10;8;1196;91;358;474;0.005;0.004;0.56;0.043;0.168;0.222
UK;1;UKD;NORTH WEST (ENGLAND);41638;7002;3951;52590;0.112;0.116;0.101;0.104;460;292;45439;678;2283;3037;0.009;0.006;0.871;0.013;0.044;0.058
UK;2;UKD1;Cumbria;3206;487;277;3970;0.008;0.009;0.007;0.007;25;81;3570;22;119;154;0.006;0.02;0.899;0.006;0.03;0.039
UK;3;UKD11;West Cumbria;1471;171;116;1758;0.004;0.004;0.002;0.003;19;28;1478;16;95;121;0.011;0.016;0.841;0.009;0.054;0.069
UK;3;UKD12;East Cumbria;1735;316;161;2212;0.005;0.005;0.005;0.004;7;53;2093;7;24;33;0.003;0.024;0.945;0.003;0.011;0.015
UK;2;UKD3;Greater Manchester;15374;2382;1302;19058;0.041;0.043;0.034;0.034;82;73;15702;305;1088;1439;0.004;0.004;0.84;0.016;0.058;0.077
UK;3;UKD33;Manchester;2895;452;247;3594;0.008;0.008;0.006;0.006;35;11;3337;10;59;73;0.01;0.003;0.947;0.003;0.017;0.021
UK;3;UKD34;Greater Manchester South West;2570;402;219;3191;0.007;0.007;0.006;0.006;15;11;3011;9;36;47;0.005;0.003;0.962;0.003;0.012;0.015
UK;3;UKD35;Greater Manchester South East;2845;444;243;3532;0.008;0.008;0.006;0.006;11;17;2090;141;520;685;0.003;0.005;0.603;0.041;0.15;0.198
UK;3;UKD36;Greater Manchester North West;3395;522;285;4202;0.009;0.009;0.007;0.007;10;15;3976;11;47;62;0.002;0.004;0.965;0.003;0.012;0.015
UK;3;UKD37;Greater Manchester North East;3668;563;308;4539;0.01;0.01;0.008;0.008;12;19;3288;135;425;572;0.003;0.004;0.739;0.03;0.096;0.128
UK;2;UKD4;Lancashire;8436;1277;730;10444;0.022;0.023;0.018;0.019;55;61;9615;44;203;262;0.005;0.006;0.939;0.004;0.02;0.026
UK;3;UKD41;Blackburn with Darwen;787;130;82;999;0.002;0.002;0.002;0.002;2;6;953;3;11;15;0.002;0.006;0.963;0.003;0.011;0.015
UK;3;UKD42;Blackpool;838;117;84;1039;0.002;0.002;0.002;0.002;3;3;953;3;22;27;0.003;0.003;0.944;0.003;0.022;0.027
UK;3;UKD44;Lancaster and Wyre;1406;213;117;1736;0.004;0.004;0.003;0.003;22;14;1616;5;20;26;0.013;0.008;0.95;0.003;0.012;0.015
UK;3;UKD45;Mid Lancashire;2240;339;185;2764;0.006;0.006;0.005;0.005;10;19;2602;7;31;41;0.004;0.007;0.96;0.003;0.012;0.015
UK;3;UKD46;East Lancashire;1920;290;159;2369;0.005;0.005;0.004;0.004;6;11;2051;22;101;131;0.003;0.005;0.883;0.01;0.044;0.057
UK;3;UKD47;Chorley and West Lancashire;1245;189;103;1537;0.003;0.003;0.003;0.003;12;9;1441;4;17;23;0.008;0.006;0.956;0.003;0.012;0.015
UK;2;UKD6;Cheshire;5626;1289;666;7581;0.016;0.016;0.019;0.017;120;36;7431;28;81;112;0.015;0.005;0.952;0.004;0.01;0.014
UK;3;UKD61;Warrington;1232;315;179;1727;0.004;0.003;0.005;0.005;7;5;1732;7;18;25;0.004;0.003;0.965;0.004;0.01;0.014
UK;3;UKD62;Cheshire East;2340;519;268;3128;0.007;0.006;0.007;0.007;63;17;3053;11;34;46;0.019;0.005;0.947;0.003;0.01;0.014
UK;3;UKD63;Cheshire West and Chester;2053;455;218;2726;0.006;0.006;0.007;0.006;50;14;2646;10;29;40;0.018;0.005;0.949;0.003;0.011;0.014
UK;2;UKD7;Merseyside;8996;1565;976;11537;0.025;0.025;0.023;0.026;177;41;9121;279;792;1071;0.015;0.004;0.795;0.024;0.069;0.093
UK;3;UKD71;East Merseyside;2659;445;253;3357;0.007;0.007;0.006;0.007;75;10;3192;10;38;50;0.022;0.003;0.946;0.003;0.011;0.015
UK;3;UKD72;Liverpool;2676;659;411;3746;0.008;0.007;0.009;0.011;91;12;2672;160;372;510;0.024;0.003;0.7;0.042;0.097;0.134
UK;3;UKD73;Sefton;1696;242;149;2086;0.004;0.005;0.003;0.004;5;9;1611;46;152;205;0.003;0.004;0.794;0.023;0.075;0.101
UK;3;UKD74;Wirral;1965;219;163;2347;0.005;0.005;0.003;0.004;5;10;1646;63;230;306;0.002;0.004;0.728;0.028;0.102;0.135
UK;1;UKE;YORKSHIRE AND THE HUMBER;30777;5882;3189;39848;0.085;0.085;0.085;0.084;776;317;29488;1053;3554;4769;0.019;0.008;0.738;0.026;0.089;0.119
UK;2;UKE1;East Yorkshire and Northern Lincolnshire;5395;804;469;6668;0.014;0.015;0.012;0.012;131;30;6282;18;76;100;0.02;0.004;0.947;0.003;0.011;0.015
UK;3;UKE11;Kingston upon Hull, City of;1407;231;154;1792;0.004;0.004;0.003;0.004;23;4;1714;5;20;26;0.013;0.002;0.956;0.003;0.011;0.015
UK;3;UKE12;East Riding of Yorkshire;2060;280;161;2502;0.005;0.006;0.004;0.004;62;13;2312;6;28;37;0.025;0.005;0.94;0.003;0.012;0.015
UK;3;UKE13;North and North East Lincolnshire;1927;293;154;2374;0.005;0.005;0.004;0.004;45;12;2256;6;27;36;0.019;0.005;0.947;0.003;0.011;0.015
UK;2;UKE2;North Yorkshire;4925;992;510;6428;0.014;0.014;0.014;0.013;59;82;6154;21;69;94;0.009;0.013;0.95;0.003;0.011;0.014
UK;3;UKE21;York;1174;324;152;1650;0.004;0.003;0.005;0.004;17;6;1617;7;17;23;0.01;0.004;0.959;0.004;0.01;0.014
UK;3;UKE22;North Yorkshire CC;3752;668;358;4778;0.01;0.01;0.01;0.009;43;76;4537;14;52;70;0.009;0.016;0.947;0.003;0.011;0.015
UK;2;UKE3;South Yorkshire;7770;1288;762;9819;0.021;0.022;0.019;0.02;246;99;4516;550;1839;2476;0.025;0.01;0.464;0.057;0.189;0.255
UK;3;UKE31;Barnsley, Doncaster and Rotherham;4609;622;378;5609;0.012;0.013;0.009;0.01;55;52;2938;234;946;1259;0.01;0.009;0.536;0.043;0.173;0.23
UK;3;UKE32;Sheffield;3161;666;384;4211;0.009;0.009;0.01;0.01;192;48;1578;316;894;1217;0.045;0.011;0.372;0.074;0.211;0.287
UK;2;UKE4;West Yorkshire;12687;2799;1447;16933;0.036;0.035;0.04;0.038;339;106;12536;464;1570;2100;0.02;0.006;0.732;0.027;0.092;0.123
UK;3;UKE41;Bradford;2802;527;301;3630;0.008;0.008;0.008;0.008;21;17;3045;64;201;270;0.006;0.005;0.842;0.018;0.056;0.075
UK;3;UKE42;Leeds;4322;1225;642;6189;0.013;0.012;0.018;0.017;40;26;6158;26;64;89;0.006;0.004;0.962;0.004;0.01;0.014
UK;3;UKE44;Calderdale and Kirklees;3632;667;321;4620;0.01;0.01;0.01;0.008;170;51;1749;293;997;1331;0.037;0.011;0.381;0.064;0.217;0.29
UK;3;UKE45;Wakefield;1931;379;184;2494;0.005;0.005;0.005;0.005;108;11;1585;81;307;411;0.043;0.005;0.633;0.032;0.123;0.164
UK;1;UKF;EAST MIDLANDS (ENGLAND);26212;4791;2646;33649;0.072;0.073;0.069;0.069;353;272;24651;1011;3182;4328;0.01;0.008;0.729;0.03;0.094;0.128
UK;2;UKF1;Derbyshire and Nottinghamshire;12471;2220;1236;15926;0.034;0.035;0.032;0.032;236;158;7697;949;2932;3998;0.015;0.01;0.482;0.059;0.184;0.25
UK;3;UKF11;Derby;1385;325;178;1888;0.004;0.004;0.005;0.005;17;11;774;180;405;573;0.008;0.005;0.395;0.092;0.207;0.293
UK;3;UKF12;East Derbyshire;1725;243;134;2103;0.004;0.005;0.003;0.004;45;28;776;122;470;630;0.022;0.013;0.375;0.059;0.227;0.304
UK;3;UKF13;South and West Derbyshire;3037;435;242;3714;0.008;0.008;0.006;0.006;16;49;1994;155;632;842;0.004;0.013;0.541;0.042;0.172;0.228
UK;3;UKF14;Nottingham;1630;525;316;2470;0.005;0.005;0.008;0.008;124;13;1013;263;477;689;0.048;0.005;0.393;0.102;0.185;0.267
UK;3;UKF15;North Nottinghamshire;2719;398;219;3335;0.007;0.008;0.006;0.006;20;42;1850;130;543;724;0.006;0.013;0.559;0.039;0.164;0.219
UK;3;UKF16;South Nottinghamshire;1975;292;148;2416;0.005;0.005;0.004;0.004;15;17;1290;98;405;540;0.006;0.007;0.546;0.041;0.171;0.228
UK;2;UKF2;Leicestershire, Rutland and Northamptonshire;9466;1939;1027;12431;0.027;0.026;0.028;0.027;54;74;11960;49;191;252;0.004;0.006;0.951;0.004;0.015;0.02
UK;3;UKF21;Leicester;1611;335;233;2179;0.005;0.004;0.005;0.006;14;6;2124;8;25;33;0.006;0.003;0.962;0.004;0.011;0.015
UK;3;UKF22;Leicestershire CC and Rutland;3976;756;370;5103;0.011;0.011;0.011;0.01;18;30;4924;16;70;92;0.004;0.006;0.956;0.003;0.014;0.018
UK;3;UKF24;West Northamptonshire;2093;513;260;2866;0.006;0.006;0.007;0.007;12;17;2728;18;68;90;0.004;0.006;0.93;0.006;0.023;0.031
UK;3;UKF25;North Northamptonshire;1785;335;164;2284;0.005;0.005;0.005;0.004;10;22;2183;7;28;37;0.004;0.01;0.955;0.003;0.012;0.016
UK;2;UKF3;Lincolnshire;4276;633;383;5292;0.011;0.012;0.009;0.01;63;39;4994;14;59;78;0.012;0.007;0.952;0.003;0.011;0.015
UK;3;UKF30;Lincolnshire;4276;633;383;5292;0.011;0.012;0.009;0.01;63;39;4994;14;59;78;0.012;0.007;0.952;0.003;0.011;0.015
UK;1;UKG;WEST MIDLANDS (ENGLAND);31637;6322;3299;41258;0.088;0.088;0.091;0.087;453;267;30188;1326;3900;5326;0.011;0.006;0.728;0.032;0.094;0.128
UK;2;UKG1;Herefordshire, Worcestershire and Warwickshire;7586;1493;759;9839;0.021;0.021;0.021;0.02;111;86;8124;205;592;816;0.011;0.009;0.818;0.021;0.06;0.082
UK;3;UKG11;Herefordshire, County of;1103;168;97;1367;0.003;0.003;0.002;0.003;17;26;1287;4;15;20;0.012;0.019;0.94;0.003;0.011;0.015
UK;3;UKG12;Worcestershire;3300;604;299;4203;0.009;0.009;0.009;0.008;37;38;2679;186;531;733;0.009;0.009;0.637;0.044;0.126;0.174
UK;3;UKG13;Warwickshire;3183;722;363;4268;0.009;0.009;0.01;0.01;57;22;4158;15;45;62;0.013;0.005;0.954;0.004;0.01;0.014
UK;2;UKG2;Shropshire and Staffordshire;9377;1612;857;11846;0.025;0.026;0.023;0.023;115;109;9826;199;656;892;0.01;0.009;0.833;0.017;0.056;0.076
UK;3;UKG21;Telford and Wrekin;938;203;93;1233;0.003;0.003;0.003;0.002;7;12;662;76;206;286;0.006;0.009;0.53;0.061;0.165;0.229
UK;3;UKG22;Shropshire CC;1857;300;177;2334;0.005;0.005;0.004;0.005;18;43;1325;100;358;484;0.008;0.019;0.569;0.043;0.154;0.208
UK;3;UKG23;Stoke-on-Trent;1522;250;161;1932;0.004;0.004;0.004;0.004;44;5;1825;6;21;29;0.023;0.003;0.946;0.003;0.011;0.015
UK;3;UKG24;Staffordshire CC;5061;860;426;6346;0.014;0.014;0.012;0.011;45;49;6014;18;70;94;0.007;0.008;0.956;0.003;0.011;0.015
UK;2;UKG3;West Midlands;14674;3216;1683;19573;0.042;0.041;0.046;0.044;227;72;12239;922;2653;3617;0.012;0.004;0.62;0.047;0.134;0.183
UK;3;UKG31;Birmingham;5469;1404;773;7645;0.016;0.015;0.02;0.02;139;24;4351;450;1191;1630;0.018;0.003;0.559;0.058;0.153;0.209
UK;3;UKG32;Solihull;1180;334;132;1647;0.004;0.003;0.005;0.003;6;5;1373;53;107;155;0.004;0.003;0.808;0.031;0.063;0.091
UK;3;UKG33;Coventry;1635;380;206;2221;0.005;0.005;0.005;0.005;29;6;2144;8;24;32;0.013;0.003;0.956;0.004;0.011;0.014
UK;3;UKG36;Dudley;1815;257;146;2219;0.005;0.005;0.004;0.004;13;13;837;140;498;671;0.006;0.006;0.385;0.065;0.229;0.309
UK;3;UKG37;Sandwell;1674;310;141;2125;0.005;0.005;0.004;0.004;26;10;974;131;419;566;0.012;0.005;0.458;0.062;0.197;0.266
UK;3;UKG38;Walsall;1487;256;127;1870;0.004;0.004;0.004;0.003;5;6;1533;35;113;153;0.003;0.003;0.83;0.019;0.061;0.083
UK;3;UKG39;Wolverhampton;1414;275;158;1846;0.004;0.004;0.004;0.004;9;7;1027;103;301;411;0.005;0.004;0.553;0.055;0.162;0.221
UK;1;UKH;EAST OF ENGLAND;31806;6682;3505;41993;0.09;0.088;0.096;0.092;302;316;38626;369;1140;1549;0.007;0.007;0.913;0.009;0.027;0.037
UK;2;UKH1;East Anglia;13509;2658;1474;17641;0.038;0.037;0.038;0.039;92;170;16299;151;450;616;0.005;0.01;0.917;0.008;0.025;0.035
UK;3;UKH11;Peterborough;981;276;139;1395;0.003;0.003;0.004;0.004;5;6;1393;6;14;20;0.003;0.004;0.965;0.004;0.01;0.014
UK;3;UKH12;Cambridgeshire CC;3352;840;512;4704;0.01;0.009;0.012;0.013;24;20;4694;19;48;68;0.005;0.004;0.963;0.004;0.01;0.014
UK;3;UKH14;Suffolk;4140;819;426;5385;0.012;0.011;0.012;0.011;43;61;4465;111;318;437;0.008;0.011;0.822;0.02;0.058;0.08
UK;3;UKH15;Norwich and East Norfolk;2066;297;163;2526;0.005;0.006;0.004;0.004;9;21;2370;6;28;37;0.004;0.009;0.959;0.003;0.011;0.015
UK;3;UKH16;North and West Norfolk;1464;210;115;1790;0.004;0.004;0.003;0.003;4;27;1670;5;20;27;0.002;0.015;0.953;0.003;0.012;0.015
UK;3;UKH17;Breckland and South Norfolk;1506;217;119;1841;0.004;0.004;0.003;0.003;8;34;1708;5;21;27;0.004;0.019;0.947;0.003;0.012;0.015
UK;2;UKH2;Bedfordshire and Hertfordshire;9015;2507;1227;12749;0.027;0.025;0.036;0.032;167;76;12118;93;278;378;0.013;0.006;0.924;0.007;0.021;0.029
UK;3;UKH21;Luton;978;261;130;1369;0.003;0.003;0.004;0.003;5;4;1352;5;15;20;0.003;0.003;0.965;0.004;0.011;0.015
UK;3;UKH23;Hertfordshire;5799;1742;849;8389;0.018;0.016;0.025;0.022;94;50;8300;36;85;119;0.011;0.006;0.956;0.004;0.01;0.014
UK;3;UKH24;Bedford;846;211;111;1167;0.002;0.002;0.003;0.003;45;8;824;40;115;158;0.038;0.006;0.692;0.034;0.097;0.133
UK;3;UKH25;Central Bedfordshire;1393;294;138;1824;0.004;0.004;0.004;0.004;23;15;1643;11;62;80;0.012;0.008;0.896;0.006;0.034;0.044
UK;2;UKH3;Essex;9281;1517;804;11602;0.025;0.026;0.022;0.021;43;70;10209;124;412;555;0.004;0.006;0.894;0.011;0.036;0.049
UK;3;UKH31;Southend-on-Sea;930;169;101;1200;0.003;0.003;0.002;0.003;3;3;1147;4;13;17;0.003;0.003;0.966;0.003;0.011;0.015
UK;3;UKH32;Thurrock;780;183;65;1028;0.002;0.002;0.003;0.002;3;3;991;3;11;15;0.003;0.003;0.965;0.003;0.011;0.014
UK;3;UKH34;Essex Haven Gateway;2488;382;210;3080;0.007;0.007;0.005;0.006;15;21;2139;100;317;429;0.005;0.007;0.708;0.033;0.105;0.142
UK;3;UKH35;West Essex;1591;244;134;1969;0.004;0.004;0.004;0.004;10;18;1848;5;22;29;0.005;0.009;0.956;0.003;0.011;0.015
UK;3;UKH36;Heart of Essex;1631;251;138;2020;0.004;0.005;0.004;0.004;4;14;1906;5;23;30;0.002;0.007;0.961;0.003;0.011;0.015
UK;3;UKH37;Essex Thames Gateway;1862;286;157;2306;0.005;0.005;0.004;0.004;8;11;2178;6;26;34;0.003;0.005;0.962;0.003;0.011;0.015
UK;1;UKI;LONDON;41926;7389;4015;53330;0.114;0.116;0.106;0.105;372;174;47971;372;1602;1971;0.007;0.003;0.914;0.007;0.031;0.038
UK;2;UKI3;Inner London - West;5872;970;527;7370;0.016;0.016;0.014;0.014;76;21;6877;20;98;107;0.011;0.003;0.955;0.003;0.014;0.015
UK;3;UKI31;Camden and City of London;1257;208;113;1577;0.003;0.003;0.003;0.003;4;5;1484;4;21;23;0.002;0.003;0.963;0.003;0.014;0.015
UK;3;UKI32;Westminster;1204;199;108;1511;0.003;0.003;0.003;0.003;62;4;1363;4;20;22;0.042;0.003;0.924;0.003;0.014;0.015
UK;3;UKI33;Kensington & Chelsea and Hammersmith & Fulham;1765;292;159;2215;0.005;0.005;0.004;0.004;5;6;2085;6;29;32;0.002;0.003;0.963;0.003;0.014;0.015
UK;3;UKI34;Wandsworth;1647;272;148;2066;0.004;0.005;0.004;0.004;5;6;1945;6;27;30;0.002;0.003;0.963;0.003;0.014;0.015
UK;2;UKI4;Inner London - East;10524;1953;1061;13539;0.029;0.029;0.028;0.028;98;42;12363;49;366;399;0.007;0.003;0.928;0.004;0.027;0.03
UK;3;UKI41;Hackney and Newham;2723;505;275;3503;0.007;0.008;0.007;0.007;38;11;3023;18;171;185;0.011;0.003;0.877;0.005;0.05;0.054
UK;3;UKI42;Tower Hamlets;1289;239;130;1658;0.004;0.004;0.003;0.003;7;5;1569;5;21;24;0.004;0.003;0.962;0.003;0.013;0.015
UK;3;UKI43;Haringey and Islington;2265;420;228;2913;0.006;0.006;0.006;0.006;9;10;2621;10;105;111;0.003;0.004;0.915;0.003;0.037;0.039
UK;3;UKI44;Lewisham and Southwark;2764;513;279;3555;0.008;0.008;0.007;0.007;40;10;3341;11;44;52;0.011;0.003;0.955;0.003;0.013;0.015
UK;3;UKI45;Lambeth;1484;275;150;1909;0.004;0.004;0.004;0.004;5;5;1810;6;24;28;0.003;0.003;0.964;0.003;0.013;0.015
UK;2;UKI5;Outer London - East and North East;8997;1593;866;11457;0.024;0.025;0.023;0.023;77;43;8871;243;900;1157;0.007;0.004;0.786;0.022;0.08;0.102
UK;3;UKI51;Bexley and Greenwich;2490;441;240;3170;0.007;0.007;0.006;0.006;25;10;2998;9;36;46;0.008;0.003;0.96;0.003;0.012;0.015
UK;3;UKI52;Barking & Dagenham and Havering;2164;383;208;2756;0.006;0.006;0.006;0.005;18;10;2447;15;102;124;0.007;0.004;0.901;0.005;0.038;0.046
UK;3;UKI53;Redbridge and Waltham Forest;2751;487;265;3503;0.007;0.008;0.007;0.007;12;15;2014;152;549;710;0.004;0.004;0.583;0.044;0.159;0.206
UK;3;UKI54;Enfield;1592;282;153;2027;0.004;0.004;0.004;0.004;22;8;1412;67;212;277;0.011;0.004;0.707;0.033;0.106;0.139
UK;2;UKI6;Outer London - South;6665;1104;600;8369;0.018;0.018;0.016;0.016;25;29;7929;23;95;123;0.003;0.004;0.964;0.003;0.012;0.015
UK;3;UKI61;Bromley;1690;280;152;2122;0.005;0.005;0.004;0.004;5;9;2010;6;24;31;0.002;0.004;0.964;0.003;0.012;0.015
UK;3;UKI62;Croydon;1971;327;178;2476;0.005;0.005;0.005;0.005;6;10;2346;7;28;36;0.002;0.004;0.964;0.003;0.012;0.015
UK;3;UKI63;Merton, Kingston upon Thames and Sutton;3003;498;271;3772;0.008;0.008;0.007;0.007;15;10;3573;11;43;55;0.004;0.003;0.964;0.003;0.012;0.015
UK;2;UKI7;Outer London - West and North West;9868;1768;960;12596;0.027;0.027;0.025;0.025;96;40;11930;37;143;185;0.008;0.003;0.96;0.003;0.011;0.015
UK;3;UKI71;Barnet;1813;325;176;2314;0.005;0.005;0.005;0.005;6;8;2203;7;26;34;0.002;0.003;0.965;0.003;0.012;0.015
UK;3;UKI72;Brent;1556;279;151;1986;0.004;0.004;0.004;0.004;12;5;1885;6;23;29;0.006;0.003;0.962;0.003;0.012;0.015
UK;3;UKI73;Ealing;1685;302;164;2151;0.005;0.005;0.004;0.004;21;6;2034;6;24;32;0.01;0.003;0.958;0.003;0.012;0.015
UK;3;UKI74;Harrow and Hillingdon;2611;468;254;3333;0.007;0.007;0.007;0.007;25;13;3155;10;38;49;0.008;0.004;0.959;0.003;0.011;0.015
UK;3;UKI75;Hounslow and Richmond upon Thames;2203;395;214;2812;0.006;0.006;0.006;0.006;33;7;2653;8;32;41;0.012;0.003;0.956;0.003;0.011;0.015
UK;1;UKJ;SOUTH EAST (ENGLAND);45833;10584;5245;61661;0.132;0.127;0.152;0.138;1043;871;43747;2193;5945;8141;0.017;0.014;0.706;0.035;0.096;0.131
UK;2;UKJ1;Berkshire, Buckinghamshire and Oxfordshire;11936;4805;2070;18811;0.04;0.033;0.069;0.054;329;162;14968;770;1384;2032;0.017;0.008;0.762;0.039;0.07;0.103
UK;3;UKJ11;Berkshire;4402;2231;801;7434;0.016;0.012;0.032;0.021;137;50;7390;42;65;99;0.018;0.006;0.95;0.005;0.008;0.013
UK;3;UKJ12;Milton Keynes;1319;689;254;2263;0.005;0.004;0.01;0.007;88;19;958;309;386;610;0.037;0.008;0.404;0.131;0.163;0.257
UK;3;UKJ13;Buckinghamshire CC;2734;867;405;4006;0.009;0.008;0.012;0.011;52;43;3574;75;173;245;0.012;0.01;0.859;0.018;0.042;0.059
UK;3;UKJ14;Oxfordshire;3480;1018;610;5108;0.011;0.01;0.015;0.016;53;50;3047;344;759;1079;0.01;0.009;0.571;0.065;0.142;0.202
UK;2;UKJ2;Surrey, East and West Sussex;14783;2509;1370;18661;0.04;0.041;0.036;0.036;147;390;11024;840;2556;3452;0.008;0.021;0.599;0.046;0.139;0.187
UK;3;UKJ21;Brighton and Hove;1404;390;202;1996;0.004;0.004;0.006;0.005;19;12;800;205;415;577;0.009;0.006;0.394;0.101;0.205;0.284
UK;3;UKJ22;East Sussex CC;2950;493;277;3720;0.008;0.008;0.007;0.007;23;100;1492;248;765;1040;0.006;0.027;0.407;0.068;0.208;0.283
UK;3;UKJ25;West Surrey;3988;631;345;4964;0.011;0.011;0.009;0.009;13;66;4660;14;55;73;0.003;0.014;0.955;0.003;0.011;0.015
UK;3;UKJ26;East Surrey;2050;324;177;2552;0.005;0.006;0.005;0.005;15;35;2108;34;136;180;0.006;0.014;0.84;0.014;0.054;0.072
UK;3;UKJ27;West Sussex (South West);2338;357;196;2891;0.006;0.006;0.005;0.005;62;108;1031;173;626;834;0.022;0.038;0.364;0.061;0.221;0.294
UK;3;UKJ28;West Sussex (North East);2052;314;172;2537;0.005;0.006;0.005;0.005;15;68;933;165;558;748;0.006;0.027;0.375;0.066;0.224;0.301
UK;2;UKJ3;Hampshire and Isle of Wight;10113;1822;1019;12954;0.028;0.028;0.026;0.027;207;169;9359;361;1182;1568;0.016;0.013;0.729;0.028;0.092;0.122
UK;3;UKJ31;Portsmouth;974;275;160;1409;0.003;0.003;0.004;0.004;14;8;569;151;299;406;0.01;0.005;0.393;0.105;0.206;0.28
UK;3;UKJ32;Southampton;1188;303;181;1672;0.004;0.003;0.004;0.005;103;5;1487;7;44;55;0.061;0.003;0.874;0.004;0.026;0.032
UK;3;UKJ34;Isle of Wight;807;121;69;998;0.002;0.002;0.002;0.002;7;20;373;65;220;297;0.008;0.021;0.38;0.067;0.224;0.302
UK;3;UKJ35;South Hampshire;2368;372;202;2942;0.006;0.007;0.005;0.005;10;16;1675;118;460;610;0.003;0.006;0.58;0.041;0.159;0.211
UK;3;UKJ36;Central Hampshire;2803;441;239;3483;0.007;0.008;0.006;0.006;58;87;2967;12;132;165;0.017;0.025;0.867;0.003;0.039;0.048
UK;3;UKJ37;North Hampshire;1973;310;168;2450;0.005;0.005;0.004;0.004;15;33;2288;7;28;36;0.006;0.014;0.951;0.003;0.011;0.015
UK;2;UKJ4;Kent;9002;1448;786;11235;0.024;0.025;0.021;0.021;360;150;8395;222;823;1090;0.033;0.014;0.76;0.02;0.075;0.099
UK;3;UKJ41;Medway;1300;225;122;1648;0.004;0.004;0.003;0.003;194;8;1379;4;18;24;0.119;0.005;0.848;0.002;0.011;0.015
UK;3;UKJ43;Kent Thames Gateway;1770;282;153;2205;0.005;0.005;0.004;0.004;28;19;2050;6;27;35;0.013;0.009;0.947;0.003;0.013;0.016
UK;3;UKJ44;East Kent;2659;421;229;3309;0.007;0.007;0.006;0.006;90;62;1195;201;730;970;0.028;0.019;0.368;0.062;0.225;0.299
UK;3;UKJ45;Mid Kent;1435;228;124;1787;0.004;0.004;0.003;0.003;6;27;1667;5;22;28;0.003;0.015;0.95;0.003;0.012;0.016
UK;3;UKJ46;West Kent;1837;292;158;2287;0.005;0.005;0.004;0.004;42;33;2104;6;26;34;0.019;0.015;0.937;0.003;0.011;0.015
UK;1;UKK;SOUTH WEST (ENGLAND);29439;6298;3334;39071;0.083;0.082;0.091;0.088;396;470;33100;710;2037;2790;0.01;0.012;0.838;0.018;0.052;0.071
UK;2;UKK1;Gloucestershire, Wiltshire and Bristol/Bath area;12870;3293;1714;17877;0.038;0.036;0.047;0.045;217;152;16664;199;475;666;0.012;0.008;0.907;0.011;0.026;0.036
UK;3;UKK11;Bristol, City of;2176;773;404;3354;0.007;0.006;0.011;0.011;109;11;3285;16;33;46;0.031;0.003;0.939;0.005;0.009;0.013
UK;3;UKK12;Bath and North East Somerset, North Somerset and South Gloucestershire;3484;859;462;4805;0.01;0.01;0.012;0.012;17;29;4765;19;51;70;0.003;0.006;0.963;0.004;0.01;0.014
UK;3;UKK13;Gloucestershire;3446;714;405;4565;0.01;0.01;0.01;0.011;21;60;4444;16;49;67;0.004;0.013;0.954;0.003;0.011;0.014
UK;3;UKK14;Swindon;1136;375;150;1661;0.004;0.003;0.005;0.004;12;5;1279;86;142;211;0.007;0.003;0.737;0.05;0.082;0.122
UK;3;UKK15;Wiltshire CC;2627;573;293;3492;0.007;0.007;0.008;0.008;59;47;2891;62;200;272;0.017;0.013;0.819;0.018;0.057;0.077
UK;2;UKK2;Dorset and Somerset;7225;1400;712;9337;0.02;0.02;0.02;0.019;70;114;7233;272;704;973;0.007;0.012;0.772;0.029;0.075;0.104
UK;3;UKK21;Bournemouth and Poole;1826;491;211;2528;0.005;0.005;0.007;0.006;19;13;1348;183;419;588;0.007;0.005;0.525;0.071;0.163;0.229
UK;3;UKK22;Dorset CC;2364;402;212;2978;0.006;0.007;0.006;0.006;16;49;2283;78;231;316;0.005;0.016;0.768;0.026;0.078;0.106
UK;3;UKK23;Somerset;3035;507;289;3831;0.008;0.008;0.007;0.008;35;52;3602;11;54;70;0.009;0.013;0.942;0.003;0.014;0.018
UK;2;UKK3;Cornwall and Isles of Scilly;3022;464;251;3738;0.008;0.008;0.007;0.007;62;93;1514;214;760;1022;0.017;0.025;0.413;0.058;0.207;0.279
UK;3;UKK30;Cornwall and Isles of Scilly;3022;464;251;3738;0.008;0.008;0.007;0.007;62;93;1514;214;760;1022;0.017;0.025;0.413;0.058;0.207;0.279
UK;2;UKK4;Devon;6322;1141;657;8120;0.017;0.018;0.016;0.017;47;111;7689;25;98;129;0.006;0.014;0.949;0.003;0.012;0.016
UK;3;UKK41;Plymouth;1324;256;165;1745;0.004;0.004;0.004;0.004;12;6;1680;6;22;28;0.007;0.004;0.957;0.003;0.013;0.016
UK;3;UKK42;Torbay;581;92;56;729;0.002;0.002;0.001;0.001;2;4;686;2;8;11;0.002;0.005;0.964;0.003;0.011;0.015
UK;3;UKK43;Devon CC;4417;793;436;5646;0.012;0.012;0.011;0.011;33;101;5323;17;68;90;0.006;0.018;0.945;0.003;0.012;0.016
UK;1;UKL;WALES;19651;3001;1839;24491;0.052;0.055;0.043;0.048;346;467;17711;706;2120;2880;0.014;0.019;0.731;0.029;0.087;0.119
UK;2;UKL1;West Wales and The Valleys;12587;1645;1063;15296;0.033;0.035;0.024;0.028;236;321;11763;242;1029;1358;0.016;0.021;0.787;0.016;0.069;0.091
UK;3;UKL11;Isle of Anglesey;471;55;30;555;0.001;0.001;0.001;0.001;32;10;189;21;122;159;0.06;0.018;0.355;0.039;0.229;0.298
UK;3;UKL12;Gwynedd;848;123;76;1047;0.002;0.002;0.002;0.002;64;67;352;49;216;286;0.062;0.065;0.34;0.048;0.209;0.276
UK;3;UKL13;Conwy and Denbighshire;1537;217;134;1889;0.004;0.004;0.003;0.004;19;71;769;105;375;506;0.01;0.038;0.417;0.057;0.203;0.274
UK;3;UKL14;South West Wales;2501;301;198;3000;0.006;0.007;0.004;0.005;7;66;2756;7;33;44;0.002;0.023;0.946;0.002;0.011;0.015
UK;3;UKL15;Central Valleys;1857;234;161;2253;0.005;0.005;0.003;0.004;54;29;1982;6;57;69;0.024;0.013;0.902;0.003;0.026;0.031
UK;3;UKL16;Gwent Valleys;2162;245;158;2565;0.005;0.006;0.004;0.004;6;27;1993;43;180;235;0.002;0.011;0.802;0.017;0.073;0.095
UK;3;UKL17;Bridgend and Neath Port Talbot;1774;229;147;2150;0.005;0.005;0.003;0.004;48;38;1971;5;26;33;0.022;0.018;0.929;0.003;0.012;0.016
UK;3;UKL18;Swansea;1436;241;160;1837;0.004;0.004;0.003;0.004;7;12;1750;6;20;27;0.004;0.007;0.961;0.003;0.011;0.015
UK;2;UKL2;East Wales;7064;1356;776;9195;0.02;0.02;0.019;0.02;110;146;5948;464;1091;1522;0.012;0.016;0.641;0.05;0.118;0.164
UK;3;UKL21;Monmouthshire and Newport;1514;315;159;1989;0.004;0.004;0.005;0.004;38;33;1394;73;198;273;0.019;0.017;0.694;0.036;0.099;0.136
UK;3;UKL22;Cardiff and Vale of Glamorgan;2655;650;392;3697;0.008;0.007;0.009;0.01;61;40;1472;355;767;1078;0.016;0.011;0.39;0.094;0.203;0.286
UK;3;UKL23;Flintshire and Wrexham;1960;269;152;2381;0.005;0.005;0.004;0.004;8;18;2297;6;27;36;0.003;0.008;0.96;0.003;0.011;0.015
UK;3;UKL24;Powys;934;121;73;1129;0.002;0.003;0.002;0.002;3;54;784;31;98;135;0.003;0.049;0.709;0.028;0.089;0.122
UK;1;UKM;SCOTLAND;35554;7183;4218;46954;0.1;0.099;0.103;0.111;658;1416;36384;1143;3245;4360;0.014;0.03;0.771;0.024;0.069;0.092
UK;2;UKM2;Eastern Scotland;13572;2964;1659;18195;0.039;0.038;0.043;0.044;305;288;17009;69;273;349;0.017;0.016;0.93;0.004;0.015;0.019
UK;3;UKM21;Angus and Dundee City;1930;303;215;2448;0.005;0.005;0.004;0.006;6;37;2328;7;27;36;0.002;0.015;0.954;0.003;0.011;0.015
UK;3;UKM22;Clackmannanshire and Fife;2692;314;230;3236;0.007;0.007;0.005;0.006;6;32;3032;8;37;48;0.002;0.01;0.958;0.002;0.012;0.015
UK;3;UKM23;East Lothian and Midlothian;1172;147;100;1419;0.003;0.003;0.002;0.003;3;15;1320;3;16;21;0.002;0.011;0.957;0.002;0.012;0.015
UK;3;UKM24;Scottish Borders;841;114;63;1018;0.002;0.002;0.002;0.002;2;56;870;7;27;35;0.002;0.056;0.872;0.007;0.027;0.036
UK;3;UKM25;Edinburgh, City of;3122;1366;676;5164;0.011;0.009;0.02;0.018;196;17;4889;29;111;137;0.036;0.003;0.909;0.005;0.021;0.025
UK;3;UKM26;Falkirk;988;131;87;1207;0.003;0.003;0.002;0.002;74;10;1074;3;14;18;0.062;0.008;0.9;0.003;0.012;0.015
UK;3;UKM27;Perth & Kinross and Stirling;1744;339;171;2254;0.005;0.005;0.005;0.004;14;106;2089;7;25;33;0.006;0.047;0.919;0.003;0.011;0.015
UK;3;UKM28;West Lothian;1082;251;116;1449;0.003;0.003;0.004;0.003;4;14;1407;5;16;21;0.003;0.009;0.959;0.003;0.011;0.014
UK;2;UKM3;South Western Scotland;15162;2895;1708;19766;0.042;0.042;0.042;0.045;256;394;13215;829;2149;2892;0.013;0.02;0.67;0.042;0.109;0.147
UK;3;UKM31;East Dunbartonshire, West Dunbartonshire and Helensburgh & Lomond;1439;192;139;1770;0.004;0.004;0.003;0.004;5;33;1020;67;257;338;0.003;0.019;0.593;0.039;0.149;0.197
UK;3;UKM32;Dumfries & Galloway;1110;148;87;1345;0.003;0.003;0.002;0.002;75;85;1125;3;15;20;0.057;0.064;0.85;0.003;0.011;0.015
UK;3;UKM33;East Ayrshire and North Ayrshire mainland;1663;173;133;1969;0.004;0.005;0.002;0.003;34;69;839;81;382;495;0.018;0.036;0.442;0.042;0.201;0.261
UK;3;UKM34;Glasgow City;3811;1292;696;5799;0.012;0.011;0.019;0.018;28;20;4065;408;628;884;0.005;0.003;0.674;0.068;0.104;0.146
UK;3;UKM35;Inverclyde, East Renfrewshire and Renfrewshire;2226;356;212;2794;0.006;0.006;0.005;0.006;18;43;1100;188;603;802;0.006;0.015;0.4;0.068;0.219;0.291
UK;3;UKM36;North Lanarkshire;2075;305;186;2567;0.005;0.006;0.004;0.005;14;22;2418;7;29;38;0.006;0.009;0.956;0.003;0.012;0.015
UK;3;UKM37;South Ayrshire;764;138;74;975;0.002;0.002;0.002;0.002;6;72;367;68;194;266;0.006;0.074;0.377;0.07;0.2;0.273
UK;3;UKM38;South Lanarkshire;2073;291;182;2546;0.005;0.006;0.004;0.005;76;50;2281;7;40;50;0.03;0.02;0.911;0.003;0.016;0.02
UK;2;UKM5;North Eastern Scotland;3341;806;541;4688;0.01;0.009;0.012;0.014;47;121;4589;19;49;68;0.01;0.025;0.938;0.004;0.01;0.014
UK;3;UKM50;Aberdeen City and Aberdeenshire;3341;806;541;4688;0.01;0.009;0.012;0.014;47;121;4589;19;49;68;0.01;0.025;0.938;0.004;0.01;0.014
UK;2;UKM6;Highlands and Islands;3478;517;309;4305;0.009;0.01;0.007;0.008;51;613;1570;225;775;1051;0.012;0.143;0.366;0.053;0.181;0.245
UK;3;UKM61;Caithness & Sutherland and Ross & Cromarty;736;85;49;870;0.002;0.002;0.001;0.001;4;147;272;39;165;220;0.004;0.173;0.321;0.046;0.195;0.26
UK;3;UKM62;Inverness & Nairn and Moray, Badenoch & Strathspey;1453;241;149;1842;0.004;0.004;0.003;0.004;39;220;777;94;308;419;0.021;0.119;0.418;0.051;0.166;0.225
UK;3;UKM63;Lochaber, Skye & Lochalsh, Arran & Cumbrae and Argyll & Bute;789;121;66;975;0.002;0.002;0.002;0.002;5;237;282;51;166;225;0.005;0.246;0.292;0.052;0.171;0.233
UK;3;UKM64;Eilean Siar (Western Isles);186;25;15;225;0;0.001;0;0;1;6;84;14;49;66;0.006;0.029;0.381;0.062;0.222;0.301
UK;3;UKM65;Orkney Islands;147;19;12;179;0;0;0;0;1;1;69;11;40;55;0.006;0.005;0.39;0.063;0.227;0.309
UK;3;UKM66;Shetland Islands;168;27;18;213;0;0;0;0;1;1;85;16;47;65;0.007;0.005;0.395;0.075;0.218;0.301
UK;1;UKN;NORTHERN IRELAND;9523;1738;1106;12367;0.026;0.026;0.025;0.029;74;129;11326;91;300;409;0.006;0.01;0.919;0.007;0.024;0.033
UK;2;UKN0;Northern Ireland;9523;1738;1106;12367;0.026;0.026;0.025;0.029;74;129;11326;91;300;409;0.006;0.01;0.919;0.007;0.024;0.033
UK;3;UKN01;Belfast;1474;561;356;2391;0.005;0.004;0.008;0.009;11;7;2408;13;22;32;0.005;0.003;0.966;0.005;0.009;0.013
UK;3;UKN02;Outer Belfast;2072;307;195;2574;0.006;0.006;0.004;0.005;20;12;2417;7;28;38;0.008;0.005;0.958;0.003;0.011;0.015
UK;3;UKN03;East of Northern Ireland;2298;337;212;2847;0.006;0.006;0.005;0.006;14;24;2701;8;32;42;0.005;0.008;0.958;0.003;0.011;0.015
UK;3;UKN04;North of Northern Ireland;1569;226;153;1948;0.004;0.004;0.003;0.004;7;37;1812;5;21;29;0.004;0.019;0.948;0.003;0.011;0.015
UK;3;UKN05;West and South of Northern Ireland;2110;306;191;2607;0.006;0.006;0.004;0.005;21;50;1988;59;197;268;0.008;0.019;0.77;0.023;0.076;0.104
UK;1;UKZ;EXTRA-REGIO NUTS 1;;;;;;;;;;;;;;;;;;;;
UK;2;UKZZ;Extra-Regio NUTS 2;;;;;;;;;;;;;;;;;;;;
UK;3;UKZZZ;Extra-Regio NUTS 3;;;;;;;;;;;;;;;;;;;;
IS;0;IS;ICELAND;5158;1420;736;7314;1;1;1;1;3276;0;0;2550;785;703;0.448;0;0;0.349;0.107;0.096
IS;1;IS0;ICELAND;5158;1420;736;7314;1;1;1;1;3276;0;0;2550;785;703;0.448;0;0;0.349;0.107;0.096
IS;2;IS00;Iceland;5158;1420;736;7314;1;1;1;1;3276;0;0;2550;785;703;0.448;0;0;0.349;0.107;0.096
IS;3;IS001;Höfuðborgarsvæði;2846;821;425;4092;0.56;0.552;0.578;0.578;1083;0;0;1786;557;672;0.264;0;0;0.436;0.136;0.164
IS;3;IS002;Landsbyggð;2312;599;310;3222;0.44;0.448;0.422;0.422;2193;0;0;764;228;31;0.682;0;0;0.237;0.071;0.01
IS;1;ISZ;EXTRA-REGIO NUTS 1;;;;;;;;;;;;;;;;;;;;
IS;2;ISZZ;Extra-Regio NUTS 2;;;;;;;;;;;;;;;;;;;;
IS;3;ISZZZ;Extra-Regio NUTS 3;;;;;;;;;;;;;;;;;;;;
LI;0;LI;LIECHTENSTEIN;;;;;;;;;;;;;;;;;;;;
LI;1;LI0;LIECHTENSTEIN;;;;;;;;;;;;;;;;;;;;
LI;2;LI00;Liechtenstein;;;;;;;;;;;;;;;;;;;;
LI;3;LI000;Liechtenstein;;;;;;;;;;;;;;;;;;;;
LI;1;LIZ;EXTRA-REGIO NUTS 1;;;;;;;;;;;;;;;;;;;;
LI;2;LIZZ;Extra-Regio NUTS 2;;;;;;;;;;;;;;;;;;;;
LI;3;LIZZZ;Extra-Regio NUTS 3;;;;;;;;;;;;;;;;;;;;
NO;0;NO0;NORGE;32339;8882;5697;46918;1;1;1;1;3539;7874;942;5729;16043;12790;0.075;0.168;0.02;0.122;0.342;0.273
NO;1;NO1;NORGE;;;;;;;;;;;;;;;;;;;;
NO;2;NO01;Oslo og Akershus;6241;2017;1273;9532;0.203;0.193;0.227;0.223;576;1577;202;1223;3163;2898;0.06;0.164;0.021;0.127;0.328;0.301
NO;3;NO011;Oslo;3045;1087;680;4812;0.103;0.094;0.122;0.119;433;800;102;603;1538;1441;0.088;0.163;0.021;0.123;0.313;0.293
NO;3;NO012;Akershus;3196;930;594;4720;0.101;0.099;0.105;0.104;143;777;100;620;1625;1457;0.03;0.165;0.021;0.131;0.344;0.309
NO;2;NO02;Hedmark og Oppland;3069;735;474;4278;0.091;0.095;0.083;0.083;161;731;86;539;1538;1185;0.038;0.172;0.02;0.127;0.363;0.28
NO;3;NO021;Hedmark;1518;368;237;2123;0.045;0.047;0.041;0.042;60;362;44;272;765;605;0.028;0.172;0.021;0.129;0.363;0.287
NO;3;NO022;Oppland;1551;367;237;2155;0.046;0.048;0.041;0.042;102;369;42;267;773;581;0.048;0.173;0.02;0.125;0.362;0.272
NO;2;NO03;Sør-Østlandet;6510;1733;1100;9344;0.199;0.201;0.195;0.193;1339;1571;180;1019;3070;2133;0.144;0.169;0.019;0.109;0.33;0.229
NO;3;NO031;Østfold;1854;500;315;2669;0.057;0.057;0.056;0.055;225;448;52;320;917;699;0.084;0.168;0.019;0.12;0.345;0.263
NO;3;NO032;Buskerud;1866;506;323;2696;0.057;0.058;0.057;0.057;1000;452;45;186;744;266;0.371;0.168;0.017;0.069;0.276;0.099
NO;3;NO033;Vestfold;1537;410;260;2206;0.047;0.048;0.046;0.046;64;371;46;286;777;654;0.029;0.169;0.021;0.13;0.354;0.298
NO;3;NO034;Telemark;1253;317;202;1772;0.038;0.039;0.036;0.035;50;301;37;228;632;513;0.028;0.171;0.021;0.129;0.359;0.291
NO;2;NO04;Agder og Rogaland;4526;1188;773;6487;0.138;0.14;0.134;0.136;458;1089;127;791;2249;1743;0.071;0.169;0.02;0.122;0.348;0.27
NO;3;NO041;Aust-Agder;754;188;121;1063;0.023;0.023;0.021;0.021;30;180;22;137;381;307;0.029;0.171;0.021;0.129;0.36;0.29
NO;3;NO042;Vest-Agder;1060;281;182;1523;0.032;0.033;0.032;0.032;191;256;29;170;515;356;0.126;0.169;0.019;0.112;0.34;0.235
NO;3;NO043;Rogaland;2712;719;471;3902;0.083;0.084;0.081;0.083;237;653;76;484;1353;1081;0.061;0.168;0.02;0.125;0.348;0.278
NO;2;NO05;Vestlandet;5597;1501;974;8072;0.172;0.173;0.169;0.171;614;1356;158;982;2789;2166;0.076;0.168;0.02;0.122;0.346;0.269
NO;3;NO051;Hordaland;3075;861;555;4490;0.096;0.095;0.097;0.097;438;751;87;533;1524;1168;0.097;0.167;0.019;0.118;0.339;0.26
NO;3;NO052;Sogn og Fjordane;770;192;126;1088;0.023;0.024;0.022;0.022;31;184;22;140;390;315;0.029;0.17;0.021;0.129;0.36;0.291
NO;3;NO053;Møre og Romsdal;1752;448;293;2493;0.053;0.054;0.05;0.051;145;421;49;309;876;683;0.059;0.169;0.02;0.124;0.353;0.275
NO;2;NO06;Trøndelag;2836;774;500;4110;0.088;0.088;0.087;0.088;122;690;87;536;1442;1236;0.03;0.168;0.021;0.13;0.351;0.301
NO;3;NO061;Sør-Trøndelag;1887;534;344;2765;0.059;0.058;0.06;0.06;83;463;59;363;962;845;0.03;0.167;0.021;0.131;0.347;0.304
NO;3;NO062;Nord-Trøndelag;949;240;156;1346;0.029;0.029;0.027;0.027;39;227;28;173;479;391;0.029;0.17;0.021;0.13;0.358;0.293
NO;2;NO07;Nord-Norge;3559;933;602;5095;0.109;0.11;0.105;0.106;268;859;103;640;1792;1428;0.053;0.169;0.02;0.126;0.352;0.281
NO;3;NO071;Nordland;1779;458;296;2534;0.054;0.055;0.052;0.052;73;428;52;328;903;743;0.029;0.169;0.021;0.13;0.357;0.294
NO;3;NO072;Troms;1158;308;199;1666;0.036;0.036;0.035;0.035;168;280;32;195;571;419;0.101;0.168;0.019;0.117;0.343;0.251
NO;3;NO073;Finnmark;622;166;107;895;0.019;0.019;0.019;0.019;26;151;19;117;318;267;0.03;0.168;0.021;0.13;0.354;0.298
NO;1;NOZ;EXTRA-REGIO NUTS 1;9;5;3;17;0;0;0.001;0.001;1;3;0;2;5;7;0.038;0.144;0.023;0.138;0.285;0.373
NO;2;NOZZ;Extra-Regio NUTS 2;9;5;3;17;0;0;0.001;0.001;1;3;0;2;5;7;0.038;0.144;0.023;0.138;0.285;0.373
NO;3;NOZZZ;Extra-Regio NUTS 3;9;5;3;17;0;0;0.001;0.001;1;3;0;2;5;7;0.038;0.144;0.023;0.138;0.285;0.373
CH;0;CH;SCHWEIZ / SUISSE / SVIZZERA;56849;13112;7918;77879;1;1;1;1;3943;6425;15954;14658;5889;31010;0.051;0.082;0.205;0.188;0.076;0.398
CH;1;CH0;SCHWEIZ / SUISSE / SVIZZERA;56849;13112;7918;77879;1;1;1;1;3943;6425;15954;14658;5889;31010;0.051;0.082;0.205;0.188;0.076;0.398
CH;2;CH01;Région lémanique;10971;2529;1522;15021;0.193;0.193;0.193;0.192;462;1194;3094;2897;1139;6225;0.031;0.08;0.206;0.193;0.076;0.415
CH;3;CH011;Vaud;4918;1153;701;6771;0.087;0.087;0.088;0.088;170;540;1399;1334;518;2817;0.025;0.08;0.206;0.197;0.076;0.416
CH;3;CH012;Valais;3308;653;398;4359;0.056;0.058;0.05;0.05;181;392;862;776;357;1763;0.042;0.091;0.199;0.179;0.082;0.407
CH;3;CH013;Geneva;2744;723;423;3891;0.05;0.048;0.055;0.053;111;262;834;788;264;1645;0.029;0.067;0.214;0.202;0.068;0.421
CH;2;CH02;Espace Mittelland;12881;2938;1787;17606;0.226;0.227;0.224;0.226;1270;1526;3573;3203;1337;6701;0.072;0.087;0.203;0.182;0.076;0.381
CH;3;CH021;Berne;7447;1646;1005;10097;0.13;0.131;0.125;0.127;291;863;2046;1938;806;4139;0.029;0.086;0.203;0.192;0.08;0.411
CH;3;CH022;Fribourg;1776;451;266;2492;0.032;0.031;0.034;0.034;62;227;508;521;206;980;0.025;0.091;0.203;0.208;0.082;0.391
CH;3;CH023;Solothurn;1824;422;257;2504;0.032;0.032;0.032;0.033;843;226;506;254;127;552;0.336;0.09;0.202;0.101;0.051;0.22
CH;3;CH024;Neuchâtel;1327;301;187;1815;0.023;0.023;0.023;0.024;64;142;375;346;135;753;0.035;0.078;0.207;0.191;0.075;0.415
CH;3;CH025;Jura;508;118;72;697;0.009;0.009;0.009;0.009;11;68;139;144;62;276;0.015;0.097;0.198;0.206;0.088;0.395
CH;2;CH03;Nordwestschweiz;7314;1740;1040;10093;0.13;0.129;0.133;0.131;1123;829;2077;1744;698;3636;0.111;0.082;0.205;0.173;0.069;0.36
CH;3;CH031;Basel-Stadt;1434;315;186;1935;0.025;0.025;0.024;0.023;148;132;404;331;125;784;0.077;0.069;0.21;0.172;0.065;0.407
CH;3;CH032;Basel-Landschaft;1926;448;273;2648;0.034;0.034;0.034;0.035;40;226;541;534;214;1098;0.015;0.085;0.204;0.201;0.081;0.414
CH;3;CH033;Aargau;3954;976;580;5511;0.071;0.07;0.074;0.073;935;471;1132;880;358;1755;0.169;0.085;0.205;0.159;0.065;0.317
CH;2;CH04;Zürich;9459;2269;1347;13075;0.168;0.166;0.173;0.17;519;963;2737;2511;931;5417;0.04;0.074;0.209;0.192;0.071;0.414
CH;3;CH040;Zürich;9459;2269;1347;13075;0.168;0.166;0.173;0.17;519;963;2737;2511;931;5417;0.04;0.074;0.209;0.192;0.071;0.414
CH;2;CH05;Ostschweiz;8267;1837;1121;11226;0.144;0.145;0.14;0.142;343;988;2265;2166;911;4544;0.031;0.088;0.202;0.193;0.081;0.405
CH;3;CH051;Glarus;353;72;47;472;0.006;0.006;0.006;0.006;26;46;93;86;40;181;0.055;0.098;0.196;0.183;0.085;0.383
CH;3;CH052;Schaffhausen;500;120;70;689;0.009;0.009;0.009;0.009;14;59;141;139;55;282;0.02;0.085;0.204;0.202;0.08;0.409
CH;3;CH053;Appenzell Ausserrhoden;388;88;55;530;0.007;0.007;0.007;0.007;6;50;106;108;46;215;0.012;0.093;0.2;0.203;0.086;0.405
CH;3;CH054;Appenzell Innerrhoden;107;25;16;148;0.002;0.002;0.002;0.002;2;15;29;31;13;58;0.011;0.099;0.198;0.211;0.089;0.392
CH;3;CH055;St. Gallen;3291;765;476;4532;0.058;0.058;0.058;0.06;143;389;927;895;360;1831;0.031;0.085;0.204;0.197;0.079;0.403
CH;3;CH056;Grisons;2134;389;237;2760;0.035;0.038;0.03;0.03;99;246;540;474;227;1142;0.036;0.09;0.198;0.174;0.083;0.419
CH;3;CH057;Thurgau;1495;378;221;2094;0.027;0.026;0.029;0.028;53;183;429;432;169;835;0.025;0.087;0.204;0.206;0.08;0.397
CH;2;CH06;Zentralschweiz;5078;1205;749;7033;0.09;0.089;0.092;0.095;175;574;1454;1408;546;2899;0.025;0.081;0.206;0.2;0.077;0.411
CH;3;CH061;Lucerne;2493;606;372;3471;0.045;0.044;0.046;0.047;113;279;721;693;263;1414;0.033;0.08;0.207;0.199;0.076;0.406
CH;3;CH062;Uri;266;59;38;364;0.005;0.005;0.005;0.005;4;34;73;74;31;148;0.012;0.093;0.2;0.202;0.086;0.407
CH;3;CH063;Schwyz;978;230;143;1352;0.017;0.017;0.018;0.018;18;116;277;277;110;560;0.013;0.085;0.204;0.204;0.081;0.413
CH;3;CH064;Obwalden;291;62;40;393;0.005;0.005;0.005;0.005;18;36;79;73;32;154;0.047;0.092;0.2;0.187;0.082;0.393
CH;3;CH065;Nidwalden;313;70;45;428;0.005;0.006;0.005;0.006;6;35;88;85;34;182;0.014;0.081;0.205;0.198;0.079;0.423
CH;3;CH066;Zug;736;178;111;1025;0.013;0.013;0.014;0.014;15;75;216;207;75;441;0.015;0.073;0.21;0.201;0.073;0.429
CH;2;CH07;Ticino;2879;593;352;3825;0.049;0.051;0.045;0.044;52;351;755;728;328;1587;0.014;0.092;0.199;0.192;0.086;0.418
CH;3;CH070;Ticino;2879;593;352;3825;0.049;0.051;0.045;0.044;52;351;755;728;328;1587;0.014;0.092;0.199;0.192;0.086;0.418
CH;1;CHZ;EXTRA-REGIO NUTS 1;;;;;;;;;;;;;;;;;;;;
CH;2;CHZZ;Extra-Regio NUTS 2;;;;;;;;;;;;;;;;;;;;
CH;3;CHZZZ;Extra-Regio NUTS 3;;;;;;;;;;;;;;;;;;;;
ME;0;ME;MONTENEGRO;;;;;;;;;;;;;;;;;;;;
ME;1;ME0;MONTENEGRO;;;;;;;;;;;;;;;;;;;;
ME;2;ME00;Montenegro;;;;;;;;;;;;;;;;;;;;
ME;3;ME000;Montenegro;;;;;;;;;;;;;;;;;;;;
ME;1;MEZ;EXTRA-REGIO NUTS 1;;;;;;;;;;;;;;;;;;;;
ME;2;MEZZ;Extra-Regio NUTS 2;;;;;;;;;;;;;;;;;;;;
ME;3;MEZZZ;Extra-Regio NUTS 3;;;;;;;;;;;;;;;;;;;;
MK;0;MK;PORANEŠNATA JUGOSLOVENSKA REPUBLIKA MAKEDONIJA;;;;;;;;;;;;;;;;;;;;
MK;1;MK0;PORANEŠNATA JUGOSLOVENSKA REPUBLIKA MAKEDONIJA;;;;;;;;;;;;;;;;;;;;
MK;2;MK00;Poranešnata jugoslovenska Republika Makedonija;;;;;;;;;;;;;;;;;;;;
MK;3;MK001;Vardarski;;;;;;;;;;;;;;;;;;;;
MK;3;MK002;Istocen;;;;;;;;;;;;;;;;;;;;
MK;3;MK003;Jugozapaden;;;;;;;;;;;;;;;;;;;;
MK;3;MK004;Jugoistocen;;;;;;;;;;;;;;;;;;;;
MK;3;MK005;Pelagoniski;;;;;;;;;;;;;;;;;;;;
MK;3;MK006;Pološki;;;;;;;;;;;;;;;;;;;;
MK;3;MK007;Severoistocen;;;;;;;;;;;;;;;;;;;;
MK;3;MK008;Skopski;;;;;;;;;;;;;;;;;;;;
MK;1;MKZ;EXTRA-REGIO NUTS 1;;;;;;;;;;;;;;;;;;;;
MK;2;MKZZ;Extra-Regio NUTS 2;;;;;;;;;;;;;;;;;;;;
MK;3;MKZZZ;Extra-Regio NUTS 3;;;;;;;;;;;;;;;;;;;;
AL;0;AL;REPUBLIKA E SHQIPËRISË;;;;;;;;;;;;;;;;;;;;
AL;1;AL0;REPUBLIKA E SHQIPËRISË;;;;;;;;;;;;;;;;;;;;
AL;2;AL01;Northern Albania;;;;;;;;;;;;;;;;;;;;
AL;3;AL011;Dibër;;;;;;;;;;;;;;;;;;;;
AL;3;AL012;Durrës;;;;;;;;;;;;;;;;;;;;
AL;3;AL013;Kukës;;;;;;;;;;;;;;;;;;;;
AL;3;AL014;Lezhë;;;;;;;;;;;;;;;;;;;;
AL;3;AL015;Shkodër;;;;;;;;;;;;;;;;;;;;
AL;2;AL02;Central Albania;;;;;;;;;;;;;;;;;;;;
AL;3;AL021;Elbasan;;;;;;;;;;;;;;;;;;;;
AL;3;AL022;Tirana;;;;;;;;;;;;;;;;;;;;
AL;2;AL03;Southern Albania;;;;;;;;;;;;;;;;;;;;
AL;3;AL031;Berat;;;;;;;;;;;;;;;;;;;;
AL;3;AL032;Fier;;;;;;;;;;;;;;;;;;;;
AL;3;AL033;Gjirokastër;;;;;;;;;;;;;;;;;;;;
AL;3;AL034;Korçë;;;;;;;;;;;;;;;;;;;;
AL;3;AL035;Vlorë;;;;;;;;;;;;;;;;;;;;
AL;1;ALZ;EXTRA-REGIO NUTS 1;;;;;;;;;;;;;;;;;;;;
AL;2;ALZZ;Extra-Regio NUTS 2;;;;;;;;;;;;;;;;;;;;
AL;3;ALZZZ;Extra-Regio NUTS 3;;;;;;;;;;;;;;;;;;;;
BA;0;BA;BOSNA I HERCEGOVINA;;;;;;;;;;;;;;;;;;;;
BA;1;BA0;BOSNA I HERCEGOVINA;;;;;;;;;;;;;;;;;;;;
BA;2;BA01;Federacija Bosne i Hercegovine;;;;;;;;;;;;;;;;;;;;
BA;3;BA011;Unsko-sanski;;;;;;;;;;;;;;;;;;;;
BA;3;BA012;Posavski;;;;;;;;;;;;;;;;;;;;
BA;3;BA013;Tuzlanski;;;;;;;;;;;;;;;;;;;;
BA;3;BA014;Zeni?ko-dobojski;;;;;;;;;;;;;;;;;;;;
BA;3;BA015;Bosansko-podrinjski;;;;;;;;;;;;;;;;;;;;
BA;3;BA016;Bosansko-podrinjski;;;;;;;;;;;;;;;;;;;;
BA;3;BA017;Hercegova?ko-neretvanski;;;;;;;;;;;;;;;;;;;;
BA;3;BA018;Zapadnohercegova?ki;;;;;;;;;;;;;;;;;;;;
BA;3;BA019;Sarajevo;;;;;;;;;;;;;;;;;;;;
BA;3;BA01A;Livanjski;;;;;;;;;;;;;;;;;;;;
BA;2;BA02;Republika Srpska;;;;;;;;;;;;;;;;;;;;
BA;3;BA021;Republika Srpska;;;;;;;;;;;;;;;;;;;;
BA;2;BA03;Distrikt Br?ko;;;;;;;;;;;;;;;;;;;;
BA;3;BA031;Distrikt Br?ko;;;;;;;;;;;;;;;;;;;;
BA;1;BAZ;EXTRA-REGIO NUTS 1;;;;;;;;;;;;;;;;;;;;
BA;2;BAZZ;Extra-Regio NUTS 2;;;;;;;;;;;;;;;;;;;;
BA;3;BAZZZ;Extra-Regio NUTS 3;;;;;;;;;;;;;;;;;;;;
KO;0;KO;REPUBKOKA KOSOVO;;;;;;;;;;;;;;;;;;;;
KO;1;KO0;REPUBKOKA KOSOVO;;;;;;;;;;;;;;;;;;;;
KO;2;KO00;RepubKOka Kosovo;;;;;;;;;;;;;;;;;;;;
KO;3;KO000;RepubKOka Kosovo;;;;;;;;;;;;;;;;;;;;
KO;1;KOZ;EXTRA-REGIO NUTS 1;;;;;;;;;;;;;;;;;;;;
KO;2;KOZZ;Extra-Regio NUTS 2;;;;;;;;;;;;;;;;;;;;
KO;3;KOZZZ;Extra-Regio NUTS 3;;;;;;;;;;;;;;;;;;;;
RS;0;RS;REPUBLIKA SRBIJA;;;;;;;;;;;;;;;;;;;;
RS;1;RS0;REPUBLIKA SRBIJA;;;;;;;;;;;;;;;;;;;;
RS;2;RS01;Serbia-North;;;;;;;;;;;;;;;;;;;;
RS;3;RS011;Vojvodina;;;;;;;;;;;;;;;;;;;;
RS;3;RS012;Belgrade;;;;;;;;;;;;;;;;;;;;
RS;2;RS02;Serbia-South;;;;;;;;;;;;;;;;;;;;
RS;3;RS021;Šumadija and Western Serbia;;;;;;;;;;;;;;;;;;;;
RS;3;RS022;Southern and Eastern Serbia;;;;;;;;;;;;;;;;;;;;
RS;3;RS023;Kosovo and Metohija;;;;;;;;;;;;;;;;;;;;
RS;1;RSZ;EXTRA-REGIO NUTS 1;;;;;;;;;;;;;;;;;;;;
RS;2;RSZZ;Extra-Regio NUTS 2;;;;;;;;;;;;;;;;;;;;
RS;3;RSZZZ;Extra-Regio NUTS 3;;;;;;;;;;;;;;;;;;;;
